X,Y,Z,Temp,climate
-10.577705871350958,2.279241597144936,-0.8654523500053504,-8.438928909338676,-9.494052696968932
-7.427127452604408,0.1764099706254495,-5.58860803212353,-5.443328686210434,-3.6297491159984965
-7.590299755682365,7.121961798829664,8.955228964509592,-7.675402057892525,8.909423224617354
-8.8506996220433,4.544746579473163,0.6165608983563643,-7.1596178397326335,-8.560697876271805
4.680549005991116,-8.821567115864449,5.156382195430829,8.154624394805673,9.046185289270852
7.224640319651488,6.2424421959623935,-9.533790728772741,7.8074734105573365,4.7468586094542164
-7.72360225262142,-0.4749194938519045,-5.730490885036913,-6.497640015562927,-4.425447353683685
6.378960252263359,6.49328156357799,-10.029718306715472,9.174431059866164,3.8756088925839407
8.621665783409679,-7.77421683673163,-8.81084070872232,-3.5846377666285427,3.9988662234510004
5.279021398607287,-8.722837832749294,4.273868927205375,8.922337936870305,9.002694230041385
-7.980652037902829,2.2751441630772407,-1.4155061949281247,-7.039678482141667,-9.080889031533177
-7.301560242302781,-0.4215893772395468,-3.2740784572441397,-6.538358705192702,-3.8413707315867818
9.45518611837856,1.8622775655924615,4.0837199849844765,-8.817382784714356,-3.2102889917132407
-7.5279307515659255,0.040271312676665394,-4.347302588525036,-6.24830766585716,-3.6540273905905725
8.093493555913783,5.763203846272151,-9.30532263782548,8.602827790887234,4.103457089897858
8.531224438634803,-8.627211127486751,-5.47012144484716,-4.410781154632087,5.797541090178274
2.692972315598604,-7.955993269397103,5.022415658855622,9.14534846571061,7.567736742915321
-7.6501019285959915,5.980200420120098,10.855557535127765,-8.706332839435216,11.092725336015098
-8.341967750135376,6.10861561942729,9.438297692120827,-8.979930935487893,9.359720763168273
7.861977552231014,1.4614551612052313,3.1393022156889843,-9.15435162874405,-2.4914726174784025
-8.039760174294647,6.5212369989821495,8.78192396347979,-5.9332901923920325,9.107975815498895
-9.150511225395508,2.8606695351508993,-0.825224283577687,-8.337454689075424,-10.597954794900042
8.77481361821742,4.074514495062955,3.5495069536193853,-9.79803569091265,-1.8237326414719053
4.87894134587172,-10.247512118384813,2.054868580193737,10.664448267532247,7.9133667640583765
8.820315397705297,2.26158630873601,3.173657580937827,-9.448596006293096,-1.8775348140123265
-6.983555451529785,-0.9857533135068252,-5.17446490852019,-5.282625834846779,-5.172247534760936
8.575047700885765,4.9635553664331065,-8.281043744227306,8.728233556040742,6.4525801644575465
-8.721587871502269,5.5595586437219495,8.653863924690874,-10.578942264561748,10.02286805642083
9.223297764601373,0.6908186225328743,2.246959411756457,-10.224409696128275,-2.98418109109026
9.594677029978694,-8.291890257187857,-6.695745622455,-4.673297842537612,7.819531688840419
8.191099058150312,-7.024752529818974,-5.584443992813133,-3.5106353980749883,6.079846751009653
-7.447234579033044,0.03811249251829174,-4.017712873825239,-5.197196874654516,-3.7858664186969477
8.653122540254717,-10.021705670035148,-6.9470445804119905,-3.896310126810161,6.387791759218893
7.241021443128669,7.38379796377401,-8.24401893074945,7.189804265636716,3.5092399065616817
6.7506036039582735,-10.144906141263567,3.0779579989782597,8.653206206138956,7.962348489629561
-8.761774260568547,6.52047124612652,7.524466695338862,-9.981944243402951,10.035003811970364
-7.759962804726414,3.3794773720527176,1.0376028313054175,-7.337175757706243,-8.801366900240392
6.599490782327764,5.564428654459425,-11.127295050734817,6.733243600533101,6.132638110430708
-8.430080016333415,4.307795932723851,-0.30684920317176256,-8.001957645645307,-8.247827424107419
-10.029156462344188,4.0557659982284235,1.139087174167652,-8.70103922180769,-7.588628141366365
-8.6180965524757,5.9394770974120625,9.713934828736075,-9.474707255600105,10.682028287007412
-7.760919632757325,4.1707712430167465,-0.4356382192791438,-9.167471864732136,-7.805027998181245
-7.940188983867072,6.787464056753454,10.16729175079667,-8.296604537945294,10.160415317958211
-8.274164432641653,8.360206093942747,8.647782566949935,-8.457365560957093,8.037912571207118
-9.789941464583771,7.181525221272599,11.662539191032547,-9.548372135191187,10.755764810584484
-7.281164011283821,-0.9110618001643179,-5.904014424392419,-4.896593954957465,-3.2996506845200573
-5.652840165879121,1.717436226456385,-5.484210522715179,-7.6738549745688145,-4.341816165183152
-9.123331277679199,6.103040780915729,10.934200707315792,-7.975823036202438,9.355365667644321
10.553019937867314,-9.535421348381234,-8.35981033653492,-1.9944664645913806,5.863523141797454
8.473817985088145,-9.25991115151789,-5.547489122148087,-4.245485027089827,7.2749864169420775
-8.290159075379194,7.224726228024986,8.395077071553066,-8.328912324218713,9.227196964753489
-8.86448254026479,1.9887377209658466,-5.264310641585573,-5.9974240116972215,-4.215694762135463
4.854129284392028,-9.377128169544921,4.15703775266577,7.328529121291915,7.500710848695283
-8.296301694492787,0.6161310838838685,-4.734407191538037,-5.281822257206101,-3.430987433829278
9.10356600508218,5.416486634117844,-8.757993831844791,6.021864808396981,4.763445410081116
8.137736181781618,1.3392073938675413,4.007574495342134,-9.49551225540543,-2.7621647326389853
6.926184326349631,6.260604442045851,-8.63743255245877,7.3203728497027996,5.377155675549821
8.058143778320218,-8.306721233373915,-5.659322968328656,-4.620440709453331,6.712551223632035
7.749777795879522,6.014051960852424,-9.124115100776548,7.7636987531355865,1.8691015852236306
6.41764692081736,-10.432485688018446,4.657769131723237,7.517479700772737,5.563270025620023
9.209496884490529,-11.004034179707403,-7.9406257447296555,-4.175806662658342,5.40732630381033
8.550775242256934,2.3040322207855546,3.872408264862097,-9.350548379864009,-3.795736921111433
8.670936790000383,-9.217364447420211,-6.299353333880861,-5.4596450249462976,8.357961286346946
-9.011756858838133,4.396219060821249,-1.0808109103599601,-7.764701110301026,-8.76368626495601
5.329016376029977,-9.085642024242764,4.702972223843567,8.399665695402296,7.605520977564126
-6.9176809445448155,3.3186669130525543,-0.7480165078533121,-8.439568190380605,-8.904517869179482
-6.020012255834368,7.402451118103258,8.6019671093623,-8.521493958847499,10.247456065824709
4.675190065155446,-8.901936868031623,5.388911009662841,8.408228332477448,9.762005115070632
-5.990445150806062,-2.722082935682549,-4.604979865536829,-6.0106184735260415,-2.3211340818181463
-7.916944936070125,0.2999890643705718,-5.210297521766668,-7.421207825209341,-2.789303493353051
-7.634230082684777,6.407611098826613,6.899034912420234,-7.068657771018464,9.691166930181295
9.894233726686895,2.2125134048180124,3.19201485683945,-7.929278420675414,-2.6978291730105446
-8.910075580436837,-0.5176174221008444,-2.5845696275827286,-6.313739763305506,-5.975040579435637
-6.674900295021433,-0.2533971075125599,-5.473596711387498,-5.10833193047005,-4.46265731369631
-10.100849880354469,4.159799063099388,-1.9029673265192122,-8.522327527313028,-9.793486536269985
8.863760082107435,-7.841733518261908,-5.147036443644211,-4.919148218015286,6.091667887280451
-10.682013314927088,3.1755259213284117,-0.8425272495218481,-7.438866734859233,-8.755419654093583
7.478586567288558,6.2662266731419916,-9.995074583370549,6.476586871709449,4.195164458765319
7.698805322582405,6.571495711026724,-9.598677567190153,8.716200786856884,3.801083945078625
-6.626232931053923,7.789733753651322,8.453129306362582,-8.93931534877498,11.519206749371842
-7.403729915180085,-0.9253619229686185,-3.299550500616797,-5.551775014785846,-3.903880914479552
8.763928347270078,-8.269894158007506,-7.018447859712491,-4.999258428156265,5.855742425770611
-7.544761887389573,6.398251189421023,8.495305568187005,-6.580558781276913,10.13404132258274
8.608316569372077,3.5876632383135716,2.5256030551839492,-9.70199318004574,-2.4724072387777607
8.530905248275594,6.8057588328598415,-11.340248985207381,6.789371566505417,4.578429569170439
-9.180625494547131,-0.7682944392502786,-5.157183350783244,-5.30383836463941,-3.3021206701945744
-7.80927975457166,4.928715158165662,0.24311698836844697,-7.987806918480375,-10.909114985127927
3.9079165246121828,-10.037429360970442,2.9973552428912185,8.089599951235828,8.69248612917016
7.382817182590217,5.9913647724431955,-9.0465601622783,7.957024391016108,5.094097365203472
8.73934994635186,6.1392932663067175,-10.705910491993038,7.873092858576468,3.761039451221755
4.589008248427336,-8.961739342473727,4.564817263081592,6.311300373370333,8.647866009081783
7.923866358391181,5.307391697305864,-9.499460685878942,8.25234033851132,4.399884687980762
-8.024446522342878,8.33740339894093,11.94142588971821,-7.305842169987156,11.74696506538908
8.334277126385999,3.1190689870608956,4.945944062288458,-10.234048850086802,-0.9183222959135382
8.450280313732481,2.691802909492118,3.0769517430813074,-9.295689665092118,-1.6667812541775167
-7.984484192992557,1.3874341929162182,-4.943311762144068,-6.664134256234882,-2.2507158631881907
8.865399043293298,-8.852336254756489,-7.821547192158459,-2.6055889622113817,6.479524225594948
8.456266358074327,4.470879704012983,-10.25005701978092,5.8863638901138495,5.705219432570646
-5.337956642168496,-0.2545202570620706,-4.87648241705002,-5.405445274438764,-5.427147692303592
-8.480260859625714,4.16054313331887,0.05595039903698523,-8.750847701110214,-9.117556086915975
10.195450448322074,-8.366513699260262,-6.09198356545153,-2.737867991820344,7.218049734865107
9.29693252498622,-10.325273445063926,-6.373732553787334,-4.253547882020123,6.04399386442632
-8.710094796680078,5.9129297016028355,8.70243459161279,-9.51886363061544,11.057940626720214
9.5196326333163,-9.290262279895964,-7.171654968918057,-1.8952303763751825,5.750460172733408
9.170030748865518,-9.955164891551773,-7.031815179656055,-4.212926986832867,7.864348364721156
-8.161627163162493,-0.5678161318745096,-4.381514092604453,-7.7107509317862375,-5.2762528824528125
-10.228318312257853,2.797393037138584,-1.184298881592074,-6.6878135234193765,-7.50688803300947
6.528402130923095,6.240314712251222,-9.525539838999027,6.602152733907463,3.7609737193747854
-8.650224405069178,4.265631969180304,0.5551038419488555,-8.785675430128073,-8.530131080668646
-7.926106187015793,-1.433960390999902,-7.30808296731489,-6.288254688426789,-5.3183144965293705
-6.230206280509426,5.576375238640505,10.061867083474942,-7.914243649915365,8.258220068813511
-8.411513323801497,-0.6545846278028729,-5.305770716543123,-4.826203572080152,-3.8286013018649623
-6.650119308782353,3.5580059925547083,-0.3106519638484796,-8.71637346741306,-9.494334686428234
-6.872875800903555,-0.4287999292464713,-4.175321139563928,-5.637053050028131,-5.228616726267232
7.418062737651068,5.857776352150448,-9.382021248736363,6.9249979045288255,3.9725270596641558
-9.406570922422791,4.302722614918375,-0.11436152204713854,-7.754813208679099,-11.165016635299965
10.806973682907213,-10.411372657362449,-6.44809790856566,-4.450469427749194,7.482071509998822
2.6626928586777847,-9.398416373951363,3.872238386869419,7.782048957410532,8.961300802487871
-9.533310212594357,3.115127524212715,-0.1575805646977418,-7.122871182335927,-10.643676680098572
-9.169224943479609,3.913325326786529,-0.8248306320837986,-6.6983770390453214,-8.278565322086125
-7.76995327864172,6.045778873975211,8.88146080858962,-9.065290286618545,9.280109282019813
-7.90408645228303,1.426166991401931,-0.4064487065912199,-8.661687085406472,-9.370686873829701
4.264502767169549,-10.172827671243898,3.6410615927633647,7.439035876177944,6.955048771723033
4.750460777921534,-7.721153118633122,4.378904470826622,7.533586512303547,8.394486533409792
-6.989188156941037,-0.6804159116253157,-4.36718283957841,-6.690296858921551,-3.867047547446689
10.084745202291403,-9.744252908835508,-8.451604898196011,-2.862796813607437,4.580869677781927
11.197489096721158,-7.993814158471702,-6.719717410000443,-3.5512637397290483,5.479748389054743
-6.764850541463156,-1.0636828759042918,-5.4739618258163025,-4.828074421964939,-4.646209274923252
-6.543625496523961,6.335521479085156,9.654405123517865,-8.94273075612235,8.817156036736124
8.563647891025546,2.3908302575323725,3.0731013588614964,-10.2559589866864,-1.988091655216728
-9.528978589933084,5.738882428314497,-0.4904200590598531,-7.204972365733317,-7.330416455997408
-9.288425769229017,-1.728850181504847,-4.346067624530584,-5.298169287948655,-4.0213781250696155
8.17208074423504,0.877858659215971,3.772042508887146,-9.30365117892225,-0.9142583838616931
8.200726239881638,1.8461261081539946,3.239154155513613,-9.940998781740413,-2.235295838528903
8.734459413888821,5.7949808657904605,-9.621001597377864,8.127068807431925,2.8924354391142355
-8.980725517679303,0.5529633440227588,-5.485227061058655,-7.312967382129915,-2.6827399859300582
4.967240977632683,-9.783822674604716,6.458698541937354,6.2064649389875415,8.672325981090918
-8.599493897104361,4.035564039254153,-0.043137976146774115,-7.9249163085064405,-10.343319335581738
7.682029100314612,5.0645269557120915,-9.131227429657523,7.235747111515619,6.00657108029436
9.059298950552812,1.8530108346728773,3.270919939817175,-9.147853589040109,-2.203558815578847
-7.834923344574179,7.797835906660179,8.757911074092114,-7.885319739051367,9.855659671010578
9.404153707623303,1.997063963949616,2.661986632401547,-10.10010286471576,-1.5193707978535618
5.614986449896488,-8.869295018795846,6.090848902146769,7.6274047959858065,8.642602718819576
6.613320904234245,4.740323390781407,-8.923374811389769,7.628965670022453,6.372817734821585
9.138171630739023,-8.718860912426527,-5.3816476903693165,-2.703822819360104,6.68798660847948
-9.529515130455946,3.399739680644225,0.5687449108642842,-7.677297012614286,-9.018507824758242
8.439804007280392,6.2803808523564095,-8.266402010844391,7.721743507955134,4.216648379075251
6.516191572075421,7.109525025856856,-8.00319581356319,6.328867526819579,3.890125791498269
-7.76286309766021,0.6164324626115845,-5.716072173026032,-4.934184792644794,-2.722395125331932
7.2944701109021555,2.317021570166662,2.6404901147400692,-11.123907394699113,-3.113541692121541
-9.281322280725107,4.2816098118140555,-1.7889801328140817,-8.049754277441217,-10.719159715079275
10.590185786152773,-7.212978677310682,-6.761363385031015,-3.5491187773483506,5.744587300484425
-9.09816250976573,4.394765105461335,1.833062175075629,-8.04879776048933,-8.319611117595281
7.327514927676148,3.047840029311289,1.9111934021974777,-9.79025317029594,-1.7032586729448194
-7.914417507157798,-0.6168387651393017,-6.100438865974047,-7.8381709010026155,-5.531134200103477
-6.821137655033175,0.3441440229881816,-5.719662725276918,-5.70021513105464,-2.5979171580353144
5.960543837204801,-8.771563773966818,4.044438275283252,8.822605024838515,7.413913911996335
-7.8350473305888215,-0.03942875431196591,-5.466284486537202,-5.177660323660156,-5.211545714787268
5.665753315583786,-9.419140556376345,5.038429992204858,8.262235755213606,7.2882205058346905
-7.309468800926169,2.915165969468908,0.8642692201005926,-9.15149205497361,-9.101729135575372
-8.646749317357603,3.8082384353947067,0.7739188478150154,-8.249323988891607,-8.440830963437497
9.496554156649639,1.2936279695119564,1.6253052108965034,-11.45471211589634,-2.536790464301171
7.713442584713359,6.647444928242627,-10.291660274695463,7.76753972908036,5.16496317467335
-7.576002464549168,8.460476109808948,10.116126184188621,-10.654238207170641,9.853938891678775
-9.103686560485755,-0.8391734342939543,-4.374969668876968,-5.608147569432338,-3.992568826131272
7.933312163706922,-8.644520392310731,-6.756858197286529,-3.504639203248085,7.718788034346492
10.054699086719493,-8.3536563971906,-5.657744599917222,-4.910483744791296,5.959644873356235
11.28063634472894,-8.07313337125532,-5.960223938212894,-4.048001784909834,4.877258300301614
-6.001912889749855,-1.0634723677157545,-5.373079596339373,-7.906910037549131,-4.406051319077678
-9.995558984098128,7.5137823054728425,8.962763795796349,-8.29949574828108,10.103610544531655
-7.716312001296332,4.427837624365437,-1.8842014613945723,-8.25273065052977,-7.863533261456482
-10.453619743087243,5.180883858527441,-0.6685236976910413,-8.044149156687025,-10.3041905089251
-8.81944764853819,-1.3227958877109036,-5.281209336262845,-7.0887031967443495,-2.331835068835853
-8.50119927076701,3.482838940084937,0.10657286015133693,-7.645694995739744,-8.079865227742602
9.432903020386677,-9.483394913662186,-6.121796704942602,-2.9207656121297063,5.125261404522928
-8.320116055134278,1.9225168646850312,-1.4973854108661493,-8.21144649081838,-11.160932310821806
-8.651733067781647,-1.2029235624346315,-3.5788477208572935,-7.996378876488606,-3.37840642566507
7.211017869559187,3.2734648751474973,1.912223066350258,-9.891012279513,-3.8534764772204815
-9.83252300782735,3.0034230826047326,-1.500869002471534,-5.966117423424592,-8.74361175870914
6.533174567834147,-6.935597761455098,2.4342057640350334,7.882643848829699,7.7406592254355235
8.083840147431491,1.705387185883518,2.7625768311369385,-8.525025539760215,-3.252858358933911
-10.428089188268904,1.2963219272724675,-1.172859638240043,-9.237578519800005,-10.209172533391099
-5.931296417537381,7.102993327038592,10.161000227336203,-8.830471734613376,10.28345777729981
8.07645836312565,1.597947871266735,3.2228043341211876,-9.385862825766,-2.45420346378663
6.8366347027069825,5.805888390515603,-11.766366998769335,8.381686687437456,6.951311248120927
-9.280662197479167,2.20915318189701,0.1583941113986303,-6.930584929257041,-9.349624961335133
6.384282625926683,4.695005057407414,-9.842823018736553,6.744329338453393,5.796491113753271
9.758913021814712,2.927681943574694,5.401974146697558,-9.53110886023686,-1.8929594560361818
-9.23447626572272,4.83834049439914,-0.5627578074886453,-6.036710927902579,-8.782585241454143
10.297638964159043,-10.414655684815724,-6.295060187898306,-2.048729588002433,6.098473013549701
-8.480516725754537,7.753698028776216,8.012498439862728,-7.724047135313303,8.607613335874309
-8.654368597474141,2.826209208477447,-1.53260871333935,-8.183899855990491,-8.698635585183819
-8.257729408907174,2.2867406594578794,1.4440003907532666,-6.210037681558774,-9.99078690471285
-8.600157673344572,3.7308248629858767,-0.08950509654131514,-7.549588844948462,-8.006635760841949
10.611318896372985,6.606658287268481,-9.732512204732894,7.5047861306004595,4.071213888832594
-7.829372175976628,-2.4741615332025013,-3.9606176020807426,-6.6268204520442,-2.079572008377143
5.32425644894486,-8.929291142151017,5.349250430266967,7.0835874516633766,7.649377968849067
8.329000676217973,2.0101957588677215,3.517403080716144,-7.4853124591914675,-0.7397896054747284
-8.682253419786925,0.5335196295638513,-4.330805610666796,-5.146418538937333,-5.219645887081463
7.560990798420728,1.704961373399031,4.178742074560361,-8.697722765066485,-1.8893719647584655
-7.989264454333697,8.615634247989913,10.425000160505064,-10.583073356102432,8.135799747087047
-8.212034040274583,6.37427912064516,8.416302796353818,-7.3226148208186,11.034225478321943
-7.380637872071971,7.4533129153240045,8.603776060469265,-11.35176543322417,8.956660588342086
9.810299581227605,5.387789840782974,3.0443486805612388,-10.429175274606289,-0.539992638928223
-6.773986721509834,2.511704628847853,-1.173464518860724,-8.402492485858035,-8.073953095129209
7.890382604534527,6.516769178860336,-11.046994744688698,8.303831937915426,3.998553037812064
9.72873464566372,-8.77051438408434,-6.3693730690248,-3.074148671997002,4.7731900141610515
-8.152596830759682,4.470885457390606,-0.7123367896015552,-8.14514916787912,-6.72412205124885
6.161024924271189,5.083874670700462,-10.032767373912007,8.246017993205909,4.990335922241469
-8.924623244656365,-1.0317250791643626,-4.508623611060369,-6.986943992417164,-3.2407212264780396
8.326607470480678,3.21414050408659,2.634902653428621,-8.003809193960041,-2.9453916658441908
-6.762578862690526,-0.2947892418860471,-3.025201468883952,-7.1214074400712155,-5.512259960932555
9.193324939813273,6.06279377718618,-9.453883900627726,5.238493704957358,5.80711748485465
-7.818438307862628,5.888772228062171,8.420646908675064,-9.645016148219886,10.342588690897594
-9.368392655100426,3.38388766458431,0.338969463963121,-7.773054289421004,-10.495609754201313
8.558708067516317,4.994294885525006,-9.603571539675489,5.120269233474746,3.6467766183466086
9.323357085435534,1.5487301319411437,1.4219163215474575,-10.499328429667601,-1.1611473545665916
7.91620321134589,2.49449354095208,2.78721176966688,-8.797789074521173,-1.8510665969813835
5.34070056394123,-8.475252548855973,3.3384770815458573,8.442281999930675,10.026173617465567
10.496926079708182,-10.106565980614551,-6.1242619126263325,-5.59202553673474,6.1417313543223315
5.327323757543445,-8.064675133534612,2.131685156778669,7.1541932406078965,8.54639966288518
5.941111262838955,-8.746648060841494,2.8167491211182396,6.903273391107732,8.732387037319024
-8.730732666601568,-0.38709358325949605,-5.228964131390326,-5.459383815725211,-4.10321488528695
8.142516549682679,-7.176764863481251,-6.833960481893164,-2.149993225604586,4.528333050645114
-7.403609413801366,2.765480870155695,-0.75624515548058,-8.163961599278585,-9.178029015253967
-9.715128745015043,1.7280341685499918,0.35652563674154514,-7.199654698202531,-9.129451556554107
-9.164319240492603,-0.4100903138381663,-4.514230226876987,-5.497891402737091,-3.0299874164643845
-9.000168409556537,8.581596367280019,8.608347960412264,-9.061451794625281,10.856414548278911
-7.978398861877552,6.357218084566597,9.640353960785177,-7.604006158986632,11.49081850647051
-7.540846019726734,-1.1068916476807622,-3.6020071451524247,-8.057733857775546,-4.3167543652394755
-7.854559110964227,-0.4896515996682952,-6.989857577774302,-6.051322635149716,-3.1677122204853445
-7.887969064588022,4.523993291350877,0.42028594477249825,-6.998153968954482,-6.965541563983744
8.184842048264155,3.8841263206946284,2.8813635329675193,-7.738322943217298,-2.8279196928367694
-8.348830913691554,7.782850927440816,9.770115257151165,-8.821935490073168,10.087519790348125
8.465816317241472,-8.699854447457907,-5.175726438754493,-6.704080044781219,7.131040196707492
-7.743122225193709,3.3371300291837795,-1.3462520287700634,-7.441757825725056,-11.032854095210078
9.627857954107842,-9.896817221585714,-8.421484803049353,-3.4842994113942964,6.201047603556425
-7.030751015836185,-1.2035718449435375,-6.161312741449558,-5.74870062302623,-4.389688329259192
9.200496089934882,-8.073469568181274,-6.9659780638478885,-3.3170643663994728,6.186662073308809
-7.573933090497221,0.06934824206652523,-4.400589527008268,-7.56051158178582,-4.143866146062247
-7.018730699086261,3.8662441102440863,-1.034208318001188,-8.618182689006627,-9.094379586288825
8.950356938700697,-8.628177533798816,-6.987414713453452,-4.0602391452882065,7.7041316491273
4.503109219148691,-8.474457199942044,2.5903478067909256,7.331862948174093,6.05144469060161
-7.097844405971142,7.263752440530289,8.79377568479284,-7.727753002754778,9.386902607471638
8.602297948926292,-8.60591424043628,-7.478342880491505,-2.6235556366291495,6.140908212931842
8.733263811052993,6.29218332878638,-10.10412546148009,7.056760836924225,5.050271840399314
11.044887836555153,-9.308687620108687,-5.9179315819198,-4.5411097743636315,7.205013859509014
8.52468099191512,-10.095132146556072,-5.143670873860745,-5.07182042697083,7.310928159322803
5.638049138868175,-9.106877606563506,4.08997998757783,8.990394971736338,8.51194352398048
-8.890436168583257,3.2410473642251474,1.0860460130386287,-7.65537656255228,-8.322140077181693
4.627135019851176,-7.785695590705009,4.487015002754305,6.960271418635063,9.306022487585366
7.6015322024024385,5.712354702630544,-9.116288504622457,7.20566808342355,4.4989548821252106
5.266012892879202,-9.64704435874935,3.971199303979524,7.237669816267847,8.418681525619713
-8.117166471722783,7.140631248127765,7.528072222460208,-8.845373776259708,9.01920955687293
-9.38037502638571,3.4727964744051816,-0.5902293838344888,-7.916985400003435,-8.2579726299298
8.407532557392575,0.9633749520346091,1.8606346581550535,-8.8570274743303,-1.3072058230612384
-9.053096653229604,6.578944596462783,10.141745053206659,-6.962782530639658,9.862583553981642
-7.921203652836765,7.730504290739257,11.059962060867393,-8.263550318790902,10.13844390014396
9.301161147480125,2.977230915600055,2.2321589709721046,-10.435312074989728,-2.6963723854498243
8.850978794367723,6.302797855179977,-10.114968613767829,5.445796884920968,4.571605431491229
-7.457957524256035,7.258437251598428,10.225768775267776,-8.85698206159648,8.461985483136242
7.336715402226152,5.923538128284099,-10.04295970822695,7.456905260094286,4.674534610764031
8.53941564567204,-9.253413618130107,-4.799554242151893,-4.31896798571923,7.059893740344096
8.84000619579283,6.425450573914802,-10.906780377154838,10.928110337136157,4.64574495618852
-8.744734030456922,6.520750511205592,8.253446853420806,-8.76152977503679,9.524545486110345
8.37433418695559,1.621640069727341,4.704958589781331,-7.858780223847414,-0.7761303088704747
-8.530919839235647,6.895983531095818,10.063807673591016,-8.31210941944364,10.333405486241494
8.228023021747923,6.220547596990841,-10.575636208246078,8.34343858748603,6.093539598227551
-8.207160409602706,2.847398314693989,2.047215846779573,-7.440291731236074,-11.912237790195828
5.108615798777615,-9.883352311387622,4.170316917264127,9.755252839059528,8.165245097061758
-9.883087693409854,8.444703500761165,9.390772897149196,-8.787352837682459,10.863939466676223
-9.19513003838332,4.0073827506182536,0.8973196091749631,-6.191325923468766,-8.01918273111792
8.674844739368886,-8.097018436298116,-6.420588147073832,-4.1832356945474505,6.407298960729359
-6.920188629205987,4.25349695360978,-1.2404598740877977,-7.479985690131136,-7.147604120637524
-7.672319219956621,4.439301136794969,0.8163910382580135,-8.657618390087613,-9.793574415604583
8.435013316643571,6.2278066217862476,-9.50594715637406,8.671237655037967,5.767254559121013
-9.937925239818735,3.335073711614542,0.03861359525982,-7.725118459263439,-9.617106754553507
8.768132548713899,-9.43179959499699,-6.123569490484439,-3.827029406678793,6.34633702706344
5.881187559275544,4.783845083641577,-10.549682464520025,7.587324941417038,5.400729073705173
9.071432543331271,7.403897927352961,-10.794034933962703,8.648840386018072,4.159508773697029
3.5333750088490445,-10.676885229915122,4.231324341339288,7.587763455402482,8.18603834456524
-9.196646690133434,7.750913662842255,9.622290870292007,-7.953888305215418,8.806324264941093
-8.251926830825612,6.443902444477694,8.223262465270606,-8.520199143675148,9.671791146045534
-7.015142234094985,7.10304429199795,8.78343989894431,-8.586074477887568,9.955552366571778
7.682659904003442,1.7237090028972408,4.865195730996966,-8.275010666300693,-2.4112106919361267
10.305763438528029,-8.789619974724907,-6.112932434119937,-3.4820816087536772,8.10030141911355
-7.597770637247516,7.445348374899933,7.920488931256614,-9.46739633617103,9.162107593772596
-7.303986984858186,6.4837543824325525,9.08776493811693,-10.466124297258077,9.154195740069339
-9.828896900924697,5.814145497506011,-0.8394274481987001,-8.785049636057337,-10.85072706564227
5.379063722513,-8.245192985242545,3.777885673991805,8.100673050627547,9.62727958457622
4.5016982487466155,-10.036038689736609,3.588001835313449,7.3616635826904275,7.957270525378564
10.076903833076274,-7.54124125436157,-7.618305829513424,-3.6621034268921275,6.10837443522804
7.815979176529488,2.1225549051408974,3.387849058724718,-8.778637249245248,-1.2207531200033852
-8.079857772137846,8.087483924699292,8.946712555086343,-8.427019454079115,9.727303054138888
4.0148699391005005,-9.330896595213048,5.065119822540112,7.354067659269676,10.381003647301965
-9.123903482893983,2.9518807533779636,-1.571100761231125,-8.80608334968962,-8.759312760497846
6.402555451967838,6.512486820741966,-9.34137897993538,10.082711028632692,4.129146423856293
7.705789270686975,5.014079630274301,-8.279274352187068,7.513977012762771,4.721698951272285
7.2745907454075365,1.7163740480608451,2.250537550407073,-9.255279188771187,-1.2950957060660433
10.046000088186354,-9.260107058340395,-5.480751222798578,-5.408955183828037,7.48875267155179
-7.850945517812345,3.282238614818895,-0.2666138456264027,-7.711295672222978,-8.550598900370066
6.8674845277774015,5.80757429666012,-10.552229695853203,7.068576561066549,5.409005865733608
-6.154533331698705,1.1146125443053325,-5.178529644974681,-5.281828614873602,-5.749538190694874
7.19053656379356,5.582087652611227,-9.469906196940297,6.833449473546802,5.42379850267441
4.950592348093469,-8.990693941953703,4.487586654245496,8.68230239174468,6.406673833086697
6.1278077063445755,-8.854120036869709,5.2029532514541925,6.62949398722227,7.549271589366392
4.474244445581605,-8.115745740880806,3.889682764073009,8.490334407628565,8.53452060971106
9.846696156872099,-9.796059677528127,-7.081876867856868,-1.775836445439392,6.064484996256094
-9.541497562270822,3.4036138445824418,-1.4882823483738834,-7.41486123970653,-9.802155139886015
9.106598064175955,-8.221407999562793,-5.888267664109842,-3.4581784949935943,6.059262579559711
9.129465687758236,-7.943465230835181,-6.623901844636678,-4.664573740113427,6.531755999575073
9.3144470951905,-8.231069125879186,-7.754207927761114,-3.8436420196872447,6.876275723694579
5.979955346505458,-9.707311836365024,3.1255937797495905,7.862692634610436,8.623585708160832
-7.069025321431063,8.756836768298648,10.113123723079017,-9.121682578269274,10.730098244780116
8.42564858722596,2.6249015567832448,3.0803946488817293,-7.659670826318795,-4.084630135367686
4.931455813653271,-9.045937061792529,2.582259297069828,6.8145229862471846,8.156898793055838
4.535289871663218,-9.42393717476031,3.8994573758372355,7.978804012271552,8.244751725459608
5.204875037438336,-7.7039311321796475,3.9890781143476746,9.531826463948672,6.792622372636676
9.909569359874933,-8.59997214188602,-6.461674174624059,-5.097215483545768,3.6234774652099477
10.117194657839331,0.5649700471024417,3.8076942621767866,-9.348475919289097,-4.208427221428613
4.563262610026396,-7.227311314605201,3.6966413462540686,5.943001059880392,8.647658508226236
-7.088275899083122,-0.959823698158958,-5.883713585553238,-5.0903992236171955,-3.1975035991140297
7.799528992402104,-8.510470276574091,-6.129346861121539,-4.684827845883101,6.347182233983209
4.891661567436765,-8.050700868825663,6.038089556620367,9.146034691992714,8.103631043806914
6.68200394614589,6.787100350039621,-9.326740844269773,7.331735779316459,4.64557099302164
-9.93144847482824,7.405736007782186,8.669416907888374,-9.826003789048555,11.27700213022452
-9.890774050234961,-0.41543868398655015,-3.523118164338817,-5.443590660518453,-3.4037544724972544
-10.499826824981547,3.4838564733006625,0.2595145898230673,-7.937239302914281,-8.6056899727237
8.787584131098622,6.190593899904,-9.035783696494146,8.871930621779228,4.693519157088923
7.103657230884771,5.412593188612994,-8.650874867553926,8.986413694728066,5.559007254153194
9.357226635344015,1.1297868365079702,4.147474068136807,-9.826038235228523,-3.1665330617082206
5.913509418845283,6.656346602849779,-10.098990905564975,7.568286047463295,5.621353379965492
-7.785135307149511,3.7460994961238074,0.6441286009436402,-8.59895063265638,-8.52382340104208
7.678272197411094,5.488810688018881,-9.83889101108299,8.92918993506653,5.639743140030469
4.339651929370793,-7.351874665584767,2.7645501830773096,6.424557198493138,7.988945047480239
-8.56198456687399,-1.1905683164275596,-2.9357818461913165,-5.6202450423245525,-4.261374589278253
9.226851422783671,3.9106447507873807,-9.477339406567507,5.77021521132445,3.1629498844849584
-7.629387072365322,-2.2137055710960807,-6.336566963443809,-7.0021033787976465,-3.50652555916198
7.36848589388935,3.2088437229686964,2.0902053280871447,-8.465248136113884,-2.535062952032503
6.988439202697259,6.4947151716085,-8.4054620663372,9.432243199866146,4.9294538861676385
8.69664127234419,0.5180820606517356,3.0596027045264,-8.847746865199692,-1.970415659388082
8.97941012451708,-8.741150906725686,-6.0826001134632275,-3.2960874149116046,7.066286351323827
10.094731841812042,1.383697328641548,0.7949978251670022,-8.647932686144156,-1.6957284306934641
-8.466472460397574,3.5067192907067986,-1.6428199698181531,-7.547917035446902,-9.332046615327034
9.113803946085321,-9.54999504764624,-5.278225983228182,-3.422138009439979,6.867693953338974
7.442055094894466,5.931879568965454,-10.045467126979581,7.9704914937071845,2.569921135933197
-7.58805258632153,5.733952707235947,-0.45086619294393593,-8.640021053203135,-10.193944626766184
5.601531326452513,-10.78367942630616,5.013792732390572,9.002173691060028,8.900227108094594
7.977669262882955,3.978519859227762,-8.750198945987924,7.551545403638942,5.8073221449188805
9.435081940561238,2.572677270140255,4.18970401081938,-10.345348279881147,-2.059708654332506
8.115769668913913,1.874405520440047,3.7039303258118403,-8.988891348661609,-3.3543687231328825
5.067995993323909,-7.422495635278429,3.2197306361933,7.200736066808726,8.933209982628046
-9.450344806344853,-2.875877469818522,-6.378460194787145,-6.419991779138932,-5.180470146611137
-8.38342850705834,0.6514846393958122,-4.195033990675691,-5.304381833749962,-5.165152556282858
-7.05742292622074,-1.8877282975613126,-5.679170489128499,-5.896152149570806,-5.028538356540321
-7.220572434008058,-1.4808409692965434,-6.518593168353129,-6.79412249501761,-3.6637535275775637
7.343589465551692,0.3183668611861352,2.436125922310494,-9.944356306395687,-1.6333244983369593
5.688381028749478,-9.094617221151383,5.316199909789789,6.956892288877457,7.713390321299428
-8.62929789433132,7.356894979579216,9.056712343106343,-9.2340743598974,7.668492938500473
-8.366458772988874,5.407358339447223,9.223425079806171,-8.057783236916327,9.266858588867649
-8.291832182539133,4.285994508908061,-1.0258731083068846,-7.974134614105514,-9.7546307077197
6.520354887491713,7.091786278238538,-9.29286017499578,6.574376776349977,2.3460150052980064
-7.586638920216181,7.756617480409651,9.187553161133295,-8.848329809889226,8.232257386532218
6.927168892299384,6.149547169746298,-8.412617977835984,8.754222747290637,5.018506997908447
9.301124440223473,-9.700511180578474,-8.76732023729774,-4.655830731964706,6.190266160945091
8.374300816270933,3.9211158474232173,1.9402229711789205,-8.131180245748734,-2.0577030643756142
8.491454598001539,3.1751242592977063,3.3817993302370883,-5.984530044198348,-1.0706404373084066
8.69329538366635,4.6186560453111465,-10.43659503737928,5.594054811182767,6.265948075478907
-9.672919711585537,5.729812234954882,0.9386424719953901,-7.341528864275908,-10.008766922963703
-9.77108645597643,-1.8922048564470317,-2.942167870748023,-4.937955726897721,-4.408989084402612
6.947213429486396,6.322657386998011,-7.713933864268947,7.078057895122454,4.6544394251231935
-6.1258133729761735,6.759382097919891,7.775416656549623,-8.150931279905105,9.136127597266285
-8.234536320256236,3.50262182166788,-0.18162041134241258,-7.909863977466722,-7.426640271491108
-7.776756216237579,7.355936618226662,8.27608255655105,-8.673005169268283,10.215635386965488
10.65599208513915,-7.553370024383222,-5.010014272487753,-4.2328252101465225,5.957329395442472
7.804436768788724,1.9968739829110245,4.7630077485468405,-9.56463877481353,-2.175612857134394
8.177656165736991,6.897725962833641,-11.521567959186259,8.242595674161336,5.038667867237663
-7.955245255162956,7.013263683682672,8.556618520091675,-9.868398663895665,8.897284042261596
8.272418219155924,5.592579279460163,-10.637866250025068,5.602491885178415,5.242666791868839
10.24640586595972,-8.260065988249925,-7.357091440019715,-4.463600630943299,6.341519757517212
7.718119880569845,6.660272969265373,-9.694443613963038,7.612619030627383,7.1179931574669535
4.256353174208757,-9.271140858839155,5.337136619482565,8.706094478061763,8.09113388261091
4.815397741201101,-9.241870444458963,2.4520729740766534,8.805494855315333,7.544009630251576
8.293236296699686,2.7127548173344214,2.6138271636169637,-10.405523653918369,-1.5797710960456723
8.354001700232132,-8.82760763803304,-8.013148719002366,-3.779532181417885,5.1125766131767225
7.527890497670233,1.0331095513672237,1.0088248309096506,-7.919293439378528,-2.5121572566360917
-7.53197482033333,-1.5165946742141814,-3.5551026139316084,-6.273751077169034,-4.00438134592098
7.338921536557762,5.275943939800053,-10.757463493461465,9.411089287188414,4.801668176565564
8.766602249767185,2.162825215335756,1.9894382493535858,-8.518935678655769,-2.0899877435180465
7.515331260823055,0.6695717918086967,2.835706986010215,-9.489339464126044,-2.365400816476497
7.804320805964564,-9.962945062965867,-6.290993225377977,-2.9416969572268448,7.756398902150382
8.603308150616835,2.8437315654506663,2.285211210361377,-10.702375320441718,-3.2109013686482712
-7.835946130194078,5.640675397520706,10.087704250432687,-7.968158240980369,11.31988907191962
5.006960382891928,-7.658322228050126,3.7456689015460336,7.233274723418576,8.409085985817454
6.563234298895845,-7.940969675108418,5.383462320459963,6.544382187519,7.7984284216495325
6.526586692970447,1.9490684026511862,3.195699000959795,-8.33964336292108,-1.7351986702463806
-6.624440440338732,7.0898770861639235,9.254993978939973,-10.031213544785667,8.268627324067573
8.925611209226584,5.73187035250533,-10.019247352504305,7.225877801962632,6.12133128143288
2.940989932009471,-9.441401272332817,4.077240561902635,9.972992547435467,8.501063579715714
-7.8775400132179385,2.5619615781743015,0.3475843002372043,-7.549258224324426,-6.752196850812673
7.896898412786033,6.595673638121934,-7.423737890744343,7.060037702274707,4.561103864764415
6.131032059276377,5.791244302009004,-8.973377825886471,8.918335752311405,5.3022569201655205
3.810419674413886,-10.53489679974202,5.096729811350676,8.698145851377738,8.24221928065864
7.951742991042832,-8.91204134434007,-7.590498122452468,-2.763432758690456,6.005447495331662
-8.75689931834587,-0.046764598340730545,-6.437298709515883,-7.945251129201987,-4.097777316374144
6.70890725002786,-9.405792506549153,1.506920665950262,8.09026518482903,8.693256253856932
9.789437861020804,-10.35662228891828,-8.291159706188418,-4.923612536623886,5.524197250592839
-8.273388596205919,4.7697027616961005,-0.46474423406516224,-8.339011768967929,-9.002397191701663
9.210804787588073,1.3074344476531792,3.5761841736564297,-10.58217752126178,-3.261332189953632
9.692854716656809,-7.191183750409701,-6.174596009449235,-4.369711343022773,6.5966249757373046
5.301339059145839,-8.813411706938235,5.508799530684862,9.683195625510692,8.396690378940955
4.996448171909987,-8.474825217391025,2.8159331961132366,8.271666121125884,7.969763367052774
-7.665731392612006,7.569455719106804,9.491116626402444,-10.121789312439287,8.5987459926059
-7.114212933992724,5.392564303910763,9.045564694153235,-8.444060495389708,10.836502597756828
4.353474715241707,-11.15389630771963,2.913329698912092,9.362848295832151,10.280674351270317
8.499688761889264,6.363029172671624,-8.210256042420092,8.008738412895703,4.145572227494478
-7.696980099745877,6.4633769844244595,9.454487816921917,-9.997804387417233,11.611115714979467
-6.372533778210076,5.189016065684781,8.368079057396232,-8.646593217100422,9.521140644693888
-8.791809126347648,-0.494831322090935,-4.842596733919184,-6.371444816069893,-4.0761577688673425
6.4530036752317175,6.147693061428883,-10.09549874172319,6.614899645614765,4.94718272973821
-9.546152539089308,7.3836338787414615,8.942447504881125,-7.729725178960812,9.834915091000624
-8.24746567585705,0.1609703242298448,-5.289595849745584,-5.513667242879243,-3.8983779658931463
10.400703826167671,-8.550636843391715,-5.465505513814028,-2.1886405379452434,6.691063374203514
5.259735478703245,-8.722418199968244,3.1458929697374494,8.41449176811639,8.719407308049398
-7.221281370566306,-0.1794113849190188,-3.8928055782295736,-8.56086791188513,-3.2533572523662206
-6.807782136781316,7.466768298626258,9.661922381496069,-8.66095456563731,10.358803044409134
9.124222693919483,-7.998714899277128,-5.747434512522522,-4.682056412150484,6.385937013677211
-8.146488614909032,1.9108862362981283,-0.8945179540054709,-9.740243059930298,-9.06832076417685
8.186277914986931,6.287990786777321,-8.243728932766977,6.905539584725088,5.584149696245428
-8.837675310583963,-0.4678669278760447,-4.224308837506238,-7.489459938059936,-2.6872264883321457
9.732361040219885,1.763970191773069,3.6825537308136385,-7.303611972094965,-1.09747129576446
-9.90791355079406,3.386368766122672,-0.8195858646046135,-6.350677739488811,-9.458765430437559
8.54054250335388,-7.862869043683777,-6.044604358032622,-1.3604957028616873,6.733271879491048
-5.906343334841786,-0.5851131323566456,-4.780345489999925,-4.454317335781336,-3.1822968155257225
7.078068933804013,6.898758254051097,-9.702104571553368,8.257755340472974,4.632700350304606
-9.409220802594744,-1.1242463959257023,-5.288790942799636,-6.6503836342213285,-4.057921121991162
7.709083521864525,4.455040586215771,-10.77185659592951,5.65006426997878,5.940206454826527
5.0534133148595295,-9.661029078172042,3.640470154118471,8.156771411921873,6.532301294057459
9.628796638848886,1.3412951451526731,3.785960373026766,-10.07845592138362,0.5068874270544743
8.026911348183118,1.7399474332557794,2.9585500190018688,-9.387183341972904,-3.9755764942499203
9.515347720989237,-10.688740235698246,-7.661779743683628,-4.032825674828237,7.1744490331842705
8.979180679206138,-11.783767818242426,-5.000283691791869,-3.343599963985749,5.166260843632093
9.86587613089386,-9.508198955730801,-8.790447938626214,-3.1117241865602514,7.013922054824019
-9.482943809628894,4.065463586740083,0.20858478398028507,-7.089811830437648,-5.786399651752884
10.782499194326208,-8.316591703325864,-5.4337075194118185,-3.758198901458458,6.736648441727161
6.7669981121462275,1.5410937264492612,2.1026752604084704,-10.671292578721037,-0.8728357028146547
5.685860766343163,5.0908116688687794,-9.333375267592764,7.7843941852972165,4.750359329362916
5.088057471928581,-8.994903352515072,5.745845419519808,6.260549970801329,8.27196437278228
7.8890952235797585,-9.097344608584368,-5.531110195800217,-4.177667758437757,4.938125259866948
6.598528739057471,6.067874469780531,-10.329679742695896,5.582661938684713,4.664791182859614
9.453862817681475,3.167049765635328,3.1561435835434666,-9.954123578581626,-2.482062583708992
8.023132577598608,5.940141850846116,-8.74060343000799,6.912266781361357,3.679796832968588
-8.575902464618608,7.3179137825209075,8.833164514265643,-10.747131749221307,10.74321859721113
9.206108475328744,5.586521675616936,-9.853899832346517,6.475834453732208,4.470106619466224
9.074880117566902,-8.796504626640157,-6.330619038356804,-3.644185638092126,6.958619232269067
9.868464037517056,3.3348203452011753,3.702663679023168,-9.854282276993121,-3.895414871184697
9.002844951748532,1.4959318921167029,4.904605199397808,-8.92588317767793,-3.2134145175311883
8.456206821155105,-8.106483417362911,-5.496115228345441,-3.227660926359841,5.896925250134211
5.145971724708639,-9.26258494397824,4.075383007175693,7.370026056253478,9.59611659633204
8.3130326153968,1.88436024249129,3.4067132317981215,-10.835112179314535,-2.6493498221867067
-6.759679623881246,0.5511283334292325,-4.218846281067522,-7.458583325791483,-2.08633851266751
-9.752721986283692,4.512942111992482,-1.3883816313573027,-7.711707100532119,-7.8645305107412575
6.048995432937722,-9.056622217650238,4.456587015873144,8.216611871508256,5.9236230661125475
4.098089624069787,-10.369523144295169,4.412790292881889,5.794412009369868,9.527559844466028
9.57425957114762,-8.24554417131289,-6.621948790725674,-3.5864745016400765,5.688886215551242
-7.611738151982755,-0.8461105018883052,-3.7628504365726845,-6.594364295783178,-3.2444362847673514
4.319206357344221,-9.635608329511909,3.7236758814337594,6.849318200086511,8.396104870030886
-9.228150421038157,3.1487240086884083,0.29482848126766603,-7.7876122722696035,-9.975488491644496
-7.9312414544408805,5.226079812317906,-0.21804431830231175,-7.726711261929988,-9.311757137074144
-5.560397055937663,0.32539588421811705,-5.3806877918913525,-7.3774397989628255,-2.551513424390497
-7.3747237201150035,3.8999667256873716,-0.0024278897108716,-8.802964645591944,-8.888469758580783
6.917219800263134,4.205165382487431,-8.918743052352514,8.835933320563912,5.180452505833656
-8.280562743831153,5.574412133132041,7.671352905928247,-9.129075207637383,8.527106886520258
-6.747768653713395,-3.3348133194624086,-5.478534282590089,-6.217046283529487,-3.359550937770646
-7.198507466520468,-2.448323596647011,-5.397080630147889,-5.557709555628511,-4.254966717937721
8.625410204560794,4.999117462718768,-9.818789582192842,7.55392941787456,3.6886207435303504
-9.307122967409494,8.226740616028021,10.154808445805765,-10.09193682328994,9.13663329194073
9.044747192564026,-8.206439467316969,-5.408237512123856,-4.348861751873797,5.5599033607858654
-7.158412774532937,0.2654505822625678,-5.203721562938127,-6.575532333410751,-4.736034003455376
7.272540508473678,4.806176098132761,-10.794247757892633,6.531266696319618,6.144536217492075
-7.924808248687835,3.52145273661328,-1.9325918968025266,-9.320553380603506,-7.951471077136624
9.135526830305817,-11.304338302380707,-7.275146966058992,-3.134973728788937,6.784109382158679
-10.835931203238804,-1.8729894266404084,-3.6298530172169556,-6.920512094468207,-3.9067315138456453
9.07505006705447,1.8200053368607456,3.2324096992233073,-8.78404737448117,-2.8733738454306406
8.295089124247623,5.607761721681113,-10.155491342996879,8.998072122919583,6.664431445297804
-8.150502079340065,2.791906485738127,0.5202835591243157,-8.777562281703165,-12.182084870044184
3.501273978842637,-9.550589461775626,4.1724227129286655,8.910749654171985,10.665731666627963
-5.958197147387469,-1.5699502966218986,-4.4009737426091835,-7.065214620303719,-0.8700360402780127
5.5487408399562295,-8.604703158039518,5.1034716089030105,9.329866545779451,7.97179007518864
-8.703921168929483,6.236803169260787,9.884501647037325,-10.231548011637429,11.154483750957041
-7.836744397585834,-1.4047333228453436,-5.067495866932511,-5.217794289024891,-4.349013054164552
8.93158468064957,6.474586554773018,-9.360440656875596,9.717487968599517,2.985151967744385
-8.844747689100796,7.77510877239157,9.118586734046975,-8.750673193583776,10.818154394943159
-7.578489969895109,5.934579998189185,7.85269777558942,-7.5913718559513175,9.22302208479043
8.51266067940357,3.782074080725331,2.1871005720756083,-9.635181379595542,-1.7682993724266118
-8.148233415992621,-0.06151497501842107,-3.8327460460804748,-7.506003606011564,-3.9616108808406447
-8.377895590575188,6.984669529378141,9.76324436516793,-9.092511091725461,8.425044284341862
6.271802250868914,-7.9923761519944865,5.620344600176672,8.760771588603914,9.381192880131957
4.814070761274508,-8.381763158553325,4.118823659902737,6.536210051880018,8.825151995913995
6.300561975149831,5.831388926047502,-10.321552187698074,5.365719437529185,4.372743784258201
7.539459728367419,6.201153269639893,-10.158048451801825,7.647923989099047,4.991420133592198
3.717315491493086,-8.336374901066623,1.7376990346381702,8.311724461642699,6.939035562994279
8.82404486501714,-8.846585611117893,-5.457872821882101,-4.667230469016457,6.830883224865635
7.90372799743931,2.304795301558947,3.2726922732870034,-9.743658625042679,-3.1843299257846285
8.445939542880627,2.1527764432473355,3.6429004721574128,-11.029202068222196,-1.7099895668036056
9.557868174142548,-7.54969961993905,-7.380974525615828,-3.4718641128414665,6.122407231247397
-7.985331217584327,7.167422231926745,9.471446764450738,-9.440090008584862,9.052546646234394
8.562964899073677,4.449785796985793,4.483849478466841,-9.540504842224598,-1.792582480095035
3.9602497217822714,-9.774823601097895,5.051359931229777,7.368248299014461,6.894215567227136
7.2861257256011775,2.1273802826381893,2.6149893255705727,-8.074436166529368,-1.9288162849479422
-7.988762685670005,7.009269413458003,8.751907347210773,-8.725296320646336,9.757595334788427
7.324093294204756,-9.804011626345513,4.720584752996484,7.76156809698289,7.20588293754263
8.692621533886978,4.328679423544026,-8.677549184232822,8.245184617957175,5.622521536430744
-9.26942316347595,4.812556976261233,-0.4864686698402497,-9.315067615330538,-7.9050354629593755
-9.523034130853564,-1.036343310398558,-4.867794482871161,-7.59210579356618,-3.394830896308412
8.865451191319819,7.259100906481278,-8.503856570235904,6.717099280594187,4.8605503418679445
7.527601133628729,2.1019302711449086,2.1018168922184177,-9.618646712427685,-2.2676924987601157
-8.06630129086644,0.6095327217702491,-5.761465539989878,-5.277860016379357,-3.3682259049143464
8.788103382209423,-8.863527331481887,-8.673463823276773,-3.985158433650267,7.808018027541507
-9.488477906057323,-1.617125084502866,-5.807224303249153,-7.315385323692954,-4.156174877097152
-9.00964188343588,6.795422527774905,9.130586785452907,-10.067006942485543,8.846331945898752
7.97207829443993,4.498235572623468,-9.491147080327002,7.624718030904341,4.40975608084113
9.443126880978275,1.0451705955594957,4.281814203205462,-8.943878626208717,-2.6007554353986486
5.157837667781866,-8.805724688308295,5.027821316264363,6.242862646410103,8.295997460829843
-8.774088174091219,4.576795945248204,-0.45722590435658683,-8.622824606406141,-9.217494572076527
9.956397547908,2.5414590443597826,4.053606055762185,-9.077231305397362,-1.604478844523087
-6.448014884279061,2.577644777064524,1.6984362432716156,-6.899202743026098,-8.323553741017523
-7.7119754914978165,8.771437841596326,8.81242492895143,-7.237949603468388,9.234740347674773
2.6452350891187693,-7.61017450936984,3.7691798157563987,7.3164166488123135,9.532829935173078
-9.650622664603306,3.9466029701049057,0.8077818476860912,-7.846227609739103,-9.216684586619943
-6.698955384421952,-1.8183564627623403,-3.8638408957911468,-6.7525244929194566,-4.524799285987164
4.848652983920599,-9.444744865789483,3.307768903545737,6.144416279794504,7.608014559552283
6.8332319144574925,4.2600600213465745,-9.472711653865865,7.8175308205532,4.939573931383737
4.508324161945519,-9.044969583767319,4.691888044381289,8.355618020779836,8.1872469784251
8.603774849334268,7.40560379485408,-7.868199720456186,8.432539648696846,3.901202797330837
-6.959282020164661,2.9671164410049506,-0.5850890142756356,-7.409509634108447,-10.647020270118574
10.085197970889503,-8.495608977255765,-7.931286503365595,-2.7142296467386187,6.279512358969766
6.857143381264335,-10.4901001811028,4.329876670376285,8.030895295149206,7.432523900694897
-7.0466896708567175,-1.1843987981733441,-4.225005383846822,-5.357458098728204,-4.954949029106661
9.764280650655257,0.9802586331529015,5.276546516609592,-9.67656910064428,-1.7083488627569676
-8.598754860418644,1.9342290395274324,1.446710623757919,-8.293770978183648,-6.851674718921805
-9.482944204725106,3.729178967973875,-2.0742485819389547,-7.402542341115315,-10.441091237768998
4.655463500298408,-9.223091595088171,6.877248966658014,6.919966911112558,8.283441435041118
4.910064744962546,-10.109685871739254,4.148239452832597,7.774912378542923,8.748055564629132
8.581509448280768,1.512064683336483,2.4237166157694414,-10.498240406611203,-0.6313395713605485
-9.65587590218559,4.469152208198057,1.3167989998899068,-8.583769591423017,-8.07130169105233
7.987128415391277,-8.645983366208299,-6.681749496641375,-4.552648299100163,5.63474021642797
-8.427421140809075,3.200830981279788,-0.9551083908160671,-7.749737755267923,-10.14714788534776
-8.303225361608654,3.860631864304956,0.34973180495289313,-7.588335058253258,-10.238216122027037
-8.276279721255843,3.1499681017948045,-1.2113204347774928,-7.033794018245472,-8.398062692819629
-7.433243631686153,-0.665442299172036,-3.566960453091629,-4.5495864955281204,-4.858541273921834
-7.4826788886854905,4.982510641048626,-0.4980347378575718,-8.321678331332134,-8.913389479876608
-8.641831127978019,7.949267203974295,10.4240381610227,-10.129794179870029,11.109428466385538
8.070531283865833,2.5232019450155225,3.2799939679784695,-10.311583868073564,-3.3226347401411256
8.966718726684293,4.7424150521256685,-8.541729297699863,7.116762841315704,4.657186474597224
7.3010903266567055,2.7394258026236322,3.0795260271626304,-9.266839019787302,-3.52018250333867
-8.032709377600103,-1.2538491947737156,-4.643476002254052,-4.3942081708403755,-2.843838275964166
-9.341483545987423,4.322674045954428,-0.7000437118747435,-7.647628071970364,-8.619251103639478
7.543533464956451,6.591302427326037,-8.074322058204684,8.741639993985936,4.5364535917696385
7.504272794973699,1.1937368074050436,3.054835935454633,-10.63118289840549,-2.310661230799665
-9.801373309759791,4.759051868312646,-0.320971972532621,-8.313653179711515,-7.929363330228587
9.562357289002,-10.050058118171096,-6.979107835247203,-3.0519305267036887,6.4756107079423355
8.270861848215088,4.4370264125291,-9.314644008521094,6.818414901685682,5.761041641523281
-7.829331934186053,5.513798079389419,8.871974608137409,-7.423225164837433,10.5396258812817
9.162011197056264,0.2962159512017912,1.1159746424457793,-8.321552293088688,-1.7587404769435158
6.7113597644305125,5.065296148135098,-8.874491315061452,8.778136861875078,3.9391825616883382
-7.875252333730459,8.276576389781862,9.817973870018095,-9.00794280897321,8.956374658090139
7.795528663339331,6.880730721546028,-11.30091424471406,6.750510479711844,5.069477047976739
5.168386901991605,-10.0908536333515,4.283358289342082,8.210727701206505,8.795373213557946
-8.498157809320993,1.451949389324279,-5.832438619854681,-6.459568714074788,-2.5368343528566237
6.401085313865555,-8.071334714925165,4.284539920579707,8.13768631894774,8.082185586615443
3.248164268247515,-8.570533333854751,4.939373174900445,7.698475501393035,8.33166387661233
8.42136817718728,1.2087992268104788,2.1055522985150095,-9.69974672335537,-2.098871422446883
8.36866227107087,1.1235661422329937,1.3807821925090606,-10.399252737368323,-3.13919051519446
-7.537691747554433,5.449466525910548,8.05823949758654,-9.654941460591255,9.254541789326778
6.0726652113530895,-11.29092791111788,3.726933369316368,7.3270571071417985,8.135963682535404
6.982019213681895,2.4389843478259103,2.5271525083600963,-8.421193263567226,-0.46998872707266415
-8.052439877858388,0.3206420107847615,-6.093378481926489,-7.4738047258876765,-2.965041013206102
-9.48234870724261,1.9902393521632886,-5.204099015600683,-5.407896218336327,-2.890249596238864
5.591080096440133,5.370462146058759,-9.995111682974096,7.26205492325531,3.9590596485288567
8.106998075224014,5.119527295193515,-8.607004212207723,7.959264748553995,4.693295429302185
5.048142589550611,-9.91495744861215,3.126159664332986,7.425852110432082,8.480336407581605
-10.228330327062395,-0.7752726638126202,-3.9848277895031576,-6.819907557987138,-3.843470879588316
7.543800335817469,4.551214899007276,-8.712108381016671,6.964198130099326,6.506850512645775
9.001302021450027,4.958621513075231,-10.228633515796918,7.8001738480977645,4.651092769908875
-8.128484192416055,0.8610693432668448,-4.046296704525062,-5.843387398553403,-4.842767998332929
-7.1859681797677615,1.856123130594381,0.27204818427897415,-7.810696334883305,-9.120511956712477
-8.424659390077084,1.3480153480973283,-6.063742369070098,-5.224101802975895,-2.2335919315072044
8.361263500810246,-9.075066914703187,-6.550816734830044,-2.7918719357315354,4.707932339329018
7.7151421050276126,-10.10486278509381,-8.17111052600762,-4.022332815221799,5.2248469405436975
-8.30591661649367,4.039753064006733,2.304752452085708,-8.100716032784733,-7.573396417801922
5.4331035948156154,-8.61127440843076,2.6537633627535326,7.6209533653335555,8.790345955191643
-7.564435772671828,7.104663322978613,11.109226022751539,-7.413553157108148,9.322419853930393
5.753090982678151,-6.886858882731041,4.3472907538556065,10.519863139023412,8.947843763458863
9.449986695292175,-7.389851294221585,-6.448999191689301,-5.785409240938623,5.730886486698081
4.88601406066677,-9.627887309452621,4.789347534336213,8.711016556578905,8.519078162888523
-7.885244280574738,3.0265330025020525,-1.503561290163254,-8.337517163144915,-11.555500893827222
5.3424984231611,-9.016370176805655,3.9586331343504764,8.90789348118489,7.035078685227191
-10.28503908507308,4.261487669645385,-0.8151531266492701,-9.045317343498693,-8.607447665357206
11.900919718466277,2.201393614523407,4.286598346205752,-10.551758866013813,-2.2719715098400166
6.723758455489693,5.573122568246323,-10.182143987013337,9.200794058075555,7.073234815765543
-8.182135910387709,3.721958545184917,-0.6824210280806748,-7.132723747088254,-9.245903847196937
5.039198063034356,-7.984792294090732,5.604108126354313,7.258883838120614,7.778019333749957
-8.79950854609307,7.970735475741277,8.801500624033745,-9.046332053721063,10.847807665138852
-7.333562194451072,7.032451748192434,8.64211317943835,-8.370068490860755,8.845018391827578
-8.30422924637423,-2.837487556143728,-4.9602944802576605,-5.274824339760315,-2.0841265395050383
-8.87304137377996,7.410873320044598,7.6965073812115365,-10.199780802191967,9.814377879117034
8.35696688535545,1.533705166783966,2.1092022312339487,-9.818314840142092,-2.517092893597357
10.79135746513638,1.1030667263909026,3.024224270336043,-8.712761253792438,-3.0432583034519713
7.264279974488991,2.6895077928769653,5.16901293943447,-10.814688942952678,-4.23059324550376
8.997026307007568,-7.170510139276361,-6.155279493581794,-3.6034506776889295,4.699507632454798
7.732909703773865,2.9277085336507946,4.296617987995763,-9.931792252315578,-0.71111605922673
8.93873943407878,1.7261301034121779,2.00222226015536,-9.876095584313484,-3.013418252036641
-8.511112677991736,0.12296368522349366,-7.095934755948052,-5.5516529824700775,-2.83207461154337
-8.843098558879367,2.9205494439376096,-0.17883611316245737,-7.908662347901126,-8.727329122183647
8.576237098142437,-9.483857457217972,-5.866773750464236,-4.630527335168946,6.916060131279557
-7.531883488323826,-2.2605367461746546,-5.197938870532475,-5.219127769207962,-2.484068246245001
9.84686743059554,-7.374511833275264,-7.334283429863326,-4.119811264249622,5.743411778564502
5.226776366405541,6.245604967051032,-8.871954285469942,8.32174287189083,6.803508261947657
6.674709272556285,6.364871582292138,-9.138418693923153,7.696493947218433,4.878082420986681
-6.397259863401126,-0.9955875087905308,-5.685458659933898,-7.718856446345785,-2.8723889435968566
7.114187817285746,6.17502851298266,-8.558190664003432,7.142122983439337,3.6747480433311557
11.07885871819816,-8.726864503562178,-6.081736515514,-4.731173834562549,6.885765763176526
10.183537998662745,-8.000415718694736,-5.70542051911002,-3.6500780625308455,6.015958674052596
7.265490472961133,5.687790362887133,-8.821961198507335,7.398960644656064,5.359538224848712
-7.729434007563999,0.001096847527432887,-4.07091116897728,-6.250496654640063,-3.4975499117005917
-6.772303721680493,3.5801016835529538,-0.3671666609595011,-7.755508582475405,-7.051446665276096
-7.478900727577179,6.567469884678097,8.528728074312726,-8.170151538543584,10.200750462241688
7.360535670698263,7.146825217832851,-8.778500345019523,6.550168971805595,3.623412292377617
-7.803176951640355,-1.1301291590547269,-3.362455980758146,-5.882623592665744,-3.593995965110044
6.287309572355094,-8.391365530688839,-6.671542895731544,-3.1404567549647555,4.6018466870015295
9.085958108414545,1.0692547433741313,2.230318881865747,-7.790554658467592,-1.8299253959149548
9.058253025290448,-7.235278739501395,-6.492498800908069,-5.355904523437323,6.709505299300974
9.539576735908017,-6.165960401179872,-6.466945599634273,-4.1697220950800045,6.5852619753263175
8.285006501773506,1.0011860358767668,2.8802501575124806,-10.603685356175648,-3.1524672641714626
5.436657348771046,-10.29455385909724,3.620815343251759,8.019523788387241,9.127518730444988
-7.938017136961211,6.8287461071747115,7.728724405680477,-8.261953480521946,8.55353552187551
4.540692838368363,-8.504286786749399,2.5505549801042537,6.962036679468449,8.356622160028175
9.701659488759388,-7.305943934063567,-6.924917906329628,-2.7039181033811355,5.940696557063247
-9.713504314947182,4.748650921963743,0.23848642457252034,-7.686350208800105,-8.735181080728289
7.662172624663233,5.769805139809865,-10.451388452905261,6.271172634110044,5.650002344603933
6.894398028911425,-8.200612257393564,5.580513403229293,7.151913360450023,6.916043468032588
7.376223017055537,-9.726336811888682,-6.54937767636474,-3.2976518595975413,6.895142120762102
-8.463013964957927,6.179442188712363,10.68450047978518,-9.093811345409444,9.585613319063542
7.813072446280494,0.3168980531090839,3.9664812902928372,-11.689696321792823,-2.284685536058743
-8.293199360947519,8.291204194149959,9.085160795020814,-8.019740411320074,9.869075843785614
-7.046329739140722,7.700519863297243,7.187385233040612,-8.151537731883154,10.594425235369545
6.287714921442209,6.466790054800987,-9.19155870528657,6.590875318455515,3.877691307181867
-7.019116671140951,5.621777121473732,9.439560752167868,-8.743861278235663,9.67206388303469
8.501732856328124,5.700653570557957,-11.059187539136218,6.8300444770270055,4.569476293451597
10.360749777998272,-8.041129064177206,-6.719632655475136,-3.5379408142923077,4.4798875296023635
4.685300368388647,-8.944282668176923,5.187268780724341,8.045185472986155,8.360925669714861
-8.367015194763106,4.388401322417628,0.4605323711438112,-8.527501330291395,-8.061464338351094
-8.560628663146096,2.223775901471284,-0.8371623263281943,-9.104992994500439,-8.953251501527085
4.604506686331264,-8.009811100319856,4.9678818161243985,7.670552990352054,8.115781415011533
9.658680633574024,-7.258989901922272,-6.092760335420658,-4.331670176342906,6.394512524361206
6.6653369214169205,6.7736632080329535,-8.768428537860443,7.501309976520123,4.391528285608196
-7.823333640520253,-1.083689179677338,-3.468285235849696,-7.58428617494447,-4.4265916062197235
-6.699402373579798,6.912530314976982,9.124066391343593,-10.233375297935039,8.355432905456805
7.833839058177961,3.2954277755059174,3.375533975181339,-10.761645619835805,-4.191418375915603
5.760657203277774,-9.151310899565047,4.216528329157576,9.641006285898268,8.234297880662035
6.330396063531383,5.112083002436878,-9.423411088606594,6.72323751229797,5.907617261654183
8.928027363280819,2.371164085375478,3.256578588586062,-8.473456390719429,-2.370842994560793
9.2239230951066,-8.49167010277933,-9.679572109445042,-5.3338563208178265,5.73718375187417
-6.604538174320695,-3.310882462671953,-4.911302162373226,-5.645652683244129,-2.7420264046172473
8.998716909937693,5.786552984329469,-11.48193309946737,7.380423162774086,3.622822291050666
-7.513878829881222,-0.9905949715661004,-4.941643354483274,-5.897314363854832,-5.909752999996572
10.126750356782955,-8.986708884794714,-8.693495156095416,-4.343113989277293,6.234187858039179
9.175426400985726,-8.066906414867345,-5.710730649279413,-4.121414697955778,6.57394580305344
-7.181859575515087,-0.07019917465376968,-3.4398224229056202,-5.727338580807584,-1.9371440762784522
8.94218143832307,5.5981958288236395,-8.941637089878256,7.595173375811685,4.951661010088126
-8.11194311835991,2.8992583563542844,-0.7697608153796355,-7.797198642214809,-9.629209241346787
5.349646787256764,-11.024082425046632,4.1387055134366335,9.186664013490898,7.881972829691913
-7.290700298551111,6.14552806829568,8.080993475997245,-8.701358626395395,10.597997063314182
-7.306927704001984,3.625751139150758,0.07971461367909871,-7.6770946733769,-9.041194873074488
-7.17911692547918,7.874077933167606,10.525861470469078,-7.506872830321917,9.834490805710528
-8.689498696681284,3.145193551170295,-0.98489901518758,-7.203036350977935,-9.128642172280918
8.92323317933924,-8.634553515495396,-7.0934666774466395,-3.2712216330836084,7.013725324670298
8.692537185363976,1.8640617565751927,3.151189872887582,-10.537973224360806,-1.6388671656494695
-8.96031464127446,-0.23034575326218676,-5.606520955179894,-7.745829222209002,-4.814264498360029
-10.19500272278888,3.5252144544211705,-0.4866341792288714,-8.228399684647615,-9.066087304495763
-7.116351689015687,-1.8709479231960637,-4.709232055098144,-5.097086381549092,-4.648675088217115
-7.805079986709167,0.054245555010897006,-4.410864890941752,-5.564122354499179,-3.2924281507743514
4.662100079212346,-8.634719954309046,4.056877615328914,8.82757542697832,8.240915149010346
10.759943360844538,1.7816221942204478,3.949736930745904,-9.761004717487605,-0.6522798605386471
-8.132526968402638,6.972429888157773,8.484560009636212,-6.388195276382538,8.782512975090388
8.402078863548267,4.140191241224457,2.1720511363886823,-10.331113950733283,-1.777751936132583
7.4031707051549205,-9.985445663053266,-7.9779904715247625,-2.954947403798313,5.878790309884105
-7.424561533299615,0.0905607327547272,-3.9313416180900163,-5.276574737134103,-2.668116757318322
-7.899374936544273,3.9438084680279113,-0.6350563365102562,-6.377194436145054,-9.11561132518073
-6.62246766111363,6.491758300393952,7.251086134097258,-8.237844200460824,10.353838521340968
-9.3888530786174,5.5754582095313525,9.25520735962526,-8.588549391318875,9.539849994290996
7.629566786472995,0.2669928717632122,3.6353866690429397,-10.684231443049805,-2.231277107066417
-7.801031805093455,-1.4185936694637187,-5.555497275784973,-6.879904525684036,-3.920012084332396
-7.826539272716796,3.061374948053662,-1.5492315678771775,-7.4016433725369914,-8.635017189420598
-7.415904381221344,-0.6198820064323303,-4.269643502140313,-8.727195121163497,-1.9388083910366074
-9.66809015754971,2.2092029864895215,1.1848233533586359,-9.284772648458905,-10.08143523996338
-8.856149338830622,-0.810763541366388,-5.212134879187129,-5.597189276259515,-5.257651435202663
7.8447908779929945,2.6063527238382016,2.4796759313217422,-10.143721126702548,-1.9505793767579247
8.933399273499083,0.12033402129573623,4.402435152207945,-9.503099381819343,-1.9113582951379544
8.299424805449549,2.4805689457886584,0.9454755321322641,-11.147043719565943,-1.2820916357624748
6.299486025988544,-8.724385263608083,6.360838836575978,9.550013313729234,10.513975421342515
9.458901042947584,2.0078110534158053,2.713228244458247,-9.277264255754027,-1.6862594510233517
4.462785355867608,-9.719615733309382,4.214044338015102,8.599153663893171,8.764083545719137
6.383679879187446,6.592308326802678,-10.831098278155963,7.992472498595867,2.472511036672319
6.3194386492680845,4.165537787859773,-9.975574754996636,7.3851007118941965,4.581611096391536
-8.920212252850964,5.052692336960339,-0.5365326623979552,-7.716811355212597,-9.977292364293808
5.970133300180111,1.859188744069133,2.2487272718543423,-10.317722675461486,-1.2277841297089833
-7.8719036208925575,2.1757257182175787,0.7891005654654772,-7.860096577394361,-8.789188652568933
-9.166723836167364,2.514808314199593,-0.5652950394646616,-7.177073492791854,-8.792857632187904
-7.861868722579198,0.9180769155298139,-5.863881092020432,-7.827080499797175,-2.8722154592558615
5.987364854880969,-9.605160659908867,5.055421449875411,8.484860070076941,8.848714908274227
-8.591488541106617,-0.8893656467550729,-7.040202787811609,-6.5962238204242105,-3.5278363630846212
-6.334784433586495,2.4362281560839714,-0.9570741675022619,-8.911225488558157,-7.966485354795566
5.785127662942891,-10.78478447510305,5.231902810207795,7.3330264879514475,8.810190837392318
2.6756866994158326,-9.975914935176728,4.481166837023071,6.97328955182717,7.347387911815753
-7.782358526849587,7.686844740379367,9.773706131433185,-7.958818904274736,11.299735821518519
9.291087713821256,-9.11107215860122,-6.8270537199815795,-2.142851941554473,6.326878177470714
-9.519147034778369,4.832651934722645,1.2485455027410088,-8.406097607092294,-8.758647942990763
-6.660257756362635,-0.08949477734590117,-4.371031232413828,-5.07547195380474,-4.254885025526965
6.50454651604904,-8.191610201399957,4.668766289594033,7.3998841512908164,8.92172570800196
-6.161165487308817,-0.7648449527503579,-4.710575818200902,-7.67687236096236,-1.933299826609667
8.16234873059041,-8.233368981827269,-7.325636755367251,-4.046433445182655,7.047830640787519
7.3287217640969295,-9.216817134459049,4.774795536203727,7.225217886785075,7.25304191171448
-7.899416704786937,6.9370746085509785,8.903804559792599,-10.710325409452402,9.86601219125734
9.267006061051259,-7.4066611706866405,-6.995412847736023,-3.299044635168203,6.967044594064768
-6.678319980042235,-1.175963705068897,-4.064312083209848,-6.3145892309441125,-4.174716814294844
-9.219384342802602,5.253030111633982,10.981807104881629,-8.752979262374744,8.843906750753854
-8.433125922908134,6.358492065203454,8.220233040302393,-9.119869185759258,9.055697090501635
7.857347180248501,3.4611326081138545,2.122854613585521,-9.186052223124763,-2.344397620485024
-7.195198958051686,0.3369834137452371,-5.417424955899229,-8.848342454403507,-3.134848719788533
-8.772884908415696,-0.9160279657813065,-6.158820482642878,-5.610142669587424,-4.234889743317611
7.4340594683475825,-8.059898520047275,-8.28220104985242,-4.411738553794706,7.036141421972361
9.41879180035717,2.511421721851642,0.9895405238559327,-8.820515878132825,-2.092595605241505
8.510325455256147,2.356053103056828,4.502411899906978,-7.719333770541946,-3.509928855923098
-7.188904080780555,7.920714667135634,7.54126193292432,-8.365614317934497,10.101879843234096
5.731155627124124,5.778027877713328,-8.28521583560352,8.187489017806502,4.921770279244225
8.935092571371381,-7.486771907017746,-7.546361847910062,-3.240989738517805,7.485374275678379
-9.086175453894791,7.234520581649008,10.422225786499133,-8.86109426014652,7.970090360039888
9.208656687351796,-9.632736952043732,-6.507167748177109,-5.335386878456279,5.638346208000095
-8.956441209771356,8.46860471631138,9.06372335862769,-10.172093612406297,11.995922049627127
-6.6101195553683345,6.63852989466607,9.029989064353934,-8.02988415851481,8.896255343682137
10.120520489034169,-10.56207858829352,-8.878766486897778,-4.716433841547051,6.419462011963663
-7.068001489367743,6.143978546061785,8.84222350020004,-6.671698390120882,10.823996424917265
9.959214861898769,-9.463719959974897,-5.831544183683072,-3.9174622718787933,7.573247995874487
-7.69029197022406,7.500037135986962,8.892073118314986,-8.59133223806966,9.178578844144058
7.955571070892264,3.867261057315407,-8.56530412095242,7.469749902550878,5.154195102289569
8.421905596183358,1.9901544330267704,3.4156046881984903,-8.89422980985642,-1.4929162972918635
6.387368286820279,-9.473421871273699,4.5155440470775225,8.298252956787493,6.884782399989778
4.991293885038979,-6.700178583579022,5.321769837093411,7.944765695371525,7.7110336346976815
8.77547723442317,-8.367773284576343,-6.936391575206897,-4.64887084894969,6.435808063130128
-8.379782666636778,3.2776145115179953,-0.9920561780214631,-7.839907477202095,-8.11854242222274
7.613948980455242,7.09100550214789,-8.761458529462923,5.755034084600931,3.8992957711026035
8.89071540439225,0.06535026210276351,6.4576177446135485,-10.488554456226225,-2.786552803641875
-8.601350768645826,1.4503600092220488,0.8145727243854566,-4.948663515636287,-8.349493588390471
-7.673472268225808,-0.9082712710623326,-4.224944844574672,-7.569787081615187,-4.609028299892395
4.235057624688289,-8.642786962665209,2.6849827205228687,7.1422746051083745,10.136460846597569
9.627565495991787,-8.651760799860192,-6.244154180929818,-2.5370925274716996,7.096926261720708
8.294281556022627,2.944267872323893,3.9351924500264217,-9.874161032401165,-2.0561717900943517
4.778831236323459,-8.692073850574351,4.3084616970512855,8.42548204095772,8.905644023685744
-8.345208520568086,4.491062028795717,-0.6541976065039881,-8.759842270264961,-9.857250161358715
7.65265979816694,5.768291211676082,-9.219401432711404,7.404853222376317,5.0203183647956875
7.6857860213813645,6.758405454913951,-8.800947946900248,9.006662568035434,5.245029864939323
4.293685414508337,-8.669745353160335,2.631271032462932,8.660250672416,8.178451967877589
8.69796513620459,6.540292095569298,-8.211116083545138,8.483357404447176,4.734765567458777
9.10028856258597,2.8131531218133112,3.242834902320228,-9.468014787438888,-2.387793352427849
6.478889847905765,1.631619396408183,2.6144530542533184,-9.262029408307555,-1.3932922876851581
-7.10400792302325,8.802754316157191,9.518741268963108,-8.617195211941777,8.905609380340366
6.602666416908251,-11.266368813127423,5.06587400369972,8.58537497427373,6.474356185603529
5.2844989038346135,-8.24835118390754,4.5184584088785975,10.471028217835302,7.527850203677182
-8.480370332023226,3.229606802913257,-0.9289873311140493,-6.305164863763741,-8.775609424912503
5.605214474388143,-9.595403029367933,3.5108722196310453,8.139292728957331,7.645262836569775
-8.068593277556921,-0.19593480942434788,-4.3568458284796305,-8.61879773042678,-2.453413836252989
9.598483119016965,-7.353193520490651,-7.6991286220231885,-4.511756389050891,5.348496566278202
9.544114769730681,2.034592914049354,3.9212534094763813,-9.496228940298682,-1.9399470431869394
7.442863279583903,5.902726204938841,-8.195206898590529,8.432627589339614,3.783378355448245
-7.188851535266188,-2.077354392384791,-4.165931179655001,-7.323406008153024,-2.4600463611211643
-8.21980733651915,4.278417327881502,0.7190766255697131,-8.481694137585853,-8.049491512973528
6.836874433961821,6.818895518859572,-11.44786113922672,6.82091636262606,5.6844173694867415
6.741214475127811,6.5826612833082905,-9.161380878886328,9.333956031957067,5.38194351564895
-6.74404352841462,-1.7407410382813038,-3.238300215427903,-7.02045410058523,-3.9599015678973015
10.275082249115679,-6.520904176315113,-5.930383141706536,-3.8939936278176193,6.483027207936812
-8.264529211500886,0.6375430214635767,-5.721943160679372,-5.875774575584637,-4.670357750776302
8.447541965146101,5.766779647893634,-10.337852776331289,7.624626791388631,5.206952419813979
11.185300074975057,-7.910376811335175,-5.568373695515438,-4.935694564254169,6.696348822349963
-8.047967539419115,-0.04555543293826225,-6.4451622790528305,-7.067706225587618,-4.460683978573232
6.4233446571899115,-7.014531745605847,3.260114194346129,8.881507643925861,8.640802675218557
-8.418049557793216,7.426547084172907,8.101474066223481,-7.5077770305479845,10.390553537259803
7.562634274807034,-8.279870982303954,-6.308490276621388,-3.0942714121119335,6.712590763668459
-9.549802086632553,3.264818404347097,-1.5493565375035674,-6.546082419063124,-9.54909888044785
3.989267043922314,-9.341860466740409,3.071019637886098,8.144724686353833,6.560755832750518
-8.326741699419259,0.6224384830030403,-4.5995244391599215,-6.049805841244494,-1.9475417982879015
-8.598013786358914,2.6202070656497245,-2.2631140666886096,-6.598121538794347,-10.796490133840399
-7.78578011691878,-0.5836477019817436,-3.74959642359984,-5.3826785003746025,-2.6826216440406814
-7.309026845990592,-0.020245446790041255,-5.927068576993024,-6.745931784294527,-5.000089337280299
8.662107039283368,2.7352891221049815,4.420818986622338,-9.27961615609878,-0.5836495443038661
-7.336436274338486,-0.5560149791389026,-3.198233805088914,-6.886620199423973,-3.120483689542547
3.384090772149765,-8.486387349963538,3.2282287885919403,8.738400262951505,11.483984174681918
7.132514877360657,8.747623871114289,-8.707669334700668,7.789362458322222,3.6435414346165924
8.699315891427856,-7.810357819550418,-6.347868983745433,-5.3514683810795605,6.070613222860966
8.093396328553558,6.4904045602974625,-10.27478496538401,6.55361126587248,4.5563855453453845
-9.328063821858281,4.521875991180195,-0.9676640470075237,-8.964953435093888,-9.787517933901189
7.140469543951106,5.379986056237346,-8.729034753835197,7.478414384703808,6.27988236832531
6.068148461987182,2.2485397483749208,2.295857754702933,-8.966727672300296,-1.9833642855192712
-5.4796515247098325,7.424089410983441,9.53216992830581,-9.76388713250722,9.010700755509383
7.8934598334050925,4.640657988127063,-10.65269065603891,6.569534101520851,5.44430249157695
3.2614473092790135,-9.032942198492304,3.621019310148175,7.500679436431998,9.10129105582915
8.26916564095175,2.595134141841204,2.3847972295055504,-10.559573542738303,-3.3389862198194202
9.344212258256423,-8.209896818219377,-5.410274986800399,-6.52907505163833,8.12541531177812
-7.424149488112093,8.13098952717755,8.365099473618177,-7.480793428005256,9.289553735437895
9.735219233342256,-8.12940624553442,-7.472693519769035,-4.03891270184638,7.649786789519083
8.526533529706256,3.356182610702283,4.9139513382106585,-8.218741475663688,-1.4522786269540937
9.652563845786904,4.211714638052115,-9.594228752458225,7.515348726774374,5.437628993956714
11.192280189988187,-8.946619646817028,-6.476219614867633,-3.8606571111491186,5.149210416799566
-8.383817443393577,0.6656265712150036,-5.207611764734023,-6.966025966068158,-3.409436083867526
4.472180902220907,-8.780529075016263,3.8919216992384795,6.918343693930119,8.8617401041917
6.901924986190781,5.4954985090102095,-10.612786336707037,7.682764909874071,5.21283786734538
9.55220392942923,6.4128337432206175,-10.291969797568761,7.772688844443756,3.510796989709333
-9.305889570696547,5.894540630025085,9.519541514750149,-10.026510165274553,8.893478146206778
-8.080033669281601,7.610723422795329,10.7680266024609,-8.891623332600972,8.737511268573778
8.413962633030904,6.9687751782678875,-10.635086929977096,7.666724096918236,5.090416015438649
-8.275490012207866,6.025538596366205,-0.25399270939528296,-7.676909191617504,-10.291208113968024
-9.449660922512575,7.926673664896443,8.13945979602865,-8.273099468680313,11.134442823826548
-7.8618078643761615,-0.6125415345271235,-5.852500971353957,-7.570854249886324,-3.9359784225231857
-7.269545434223007,7.835300803373871,7.610550479276465,-8.474848865287743,8.779258082290802
10.006287029931789,-9.231237295767732,-6.226235653862356,-2.125265503154055,5.369142183639727
-8.221788280272797,5.194875021455165,8.77542760709684,-5.800971231694273,11.613527645941646
-8.807746504264383,2.700308250675974,0.33001671506802754,-9.433575157712776,-8.426143582313115
-6.5384812116489925,-0.36610947519456183,-4.808492244884151,-7.387319679046822,-4.472311827399686
7.9084907527361015,2.6372804129462644,4.0406526229017725,-9.200636824026292,-1.0761020111108999
8.33476246647541,1.7305491079964292,3.626037610946271,-10.958223745184444,-3.3500033902805213
8.934421268086467,-8.873739229700458,-6.371613394524189,-2.637600791317895,7.3175297933789745
-6.882890917252599,6.716612253671967,10.300008258979558,-8.236717967792037,10.1305284458289
-7.319785045526747,5.939842568400593,8.35741911698959,-8.081024095522743,10.52193615219061
5.525688393954876,-8.361159843271139,3.679932332171612,8.893876974772873,8.51619755296487
9.487087805418188,2.265701894659778,2.131485401753409,-9.823818089345949,-4.71572901109315
-8.848135339891133,7.332688249679103,9.496009353369182,-9.17436794059588,8.502053483952382
8.420925426632895,2.6024371007563993,3.1001763951813475,-9.197160088055812,-2.751620596874914
9.200778274536567,0.4494834748777059,3.7997354259813374,-9.15218378026935,-2.1540175002519426
4.838252347545873,-7.904651776182825,3.805425329323591,8.73344358208918,8.862586647536261
-8.7111344808181,-0.05979195178111962,-7.527027724931251,-4.894900909681368,-4.054032384010623
-9.250061049718507,6.2255694738835325,9.075882628798281,-9.653189549347044,9.417777595273558
-9.888762038767915,4.712027695351417,1.4358833115774963,-7.754695333423121,-9.405995542738486
-8.345621450491787,2.915305466225005,1.0913758432745588,-8.333775751695677,-10.751444967162325
-9.077073479487055,6.106533256263789,8.760510698655159,-8.600065547201101,9.267906146030525
-8.371523922514656,1.7873604976984332,-5.487690158819943,-4.921908105829027,-3.741183137628839
-8.389198347658715,3.40186082327153,-0.7155114596420513,-7.05823811407399,-9.830433112118609
-7.864558314110526,4.549569529667724,-1.0470594792786847,-8.166336445167309,-10.163789537380884
-9.256101506189736,4.003024089771814,0.6385501256997747,-7.858866479242262,-8.385328294021912
-8.406413311608265,3.1393021937002876,0.6611349131985774,-8.817188821471053,-10.715025311405517
-6.810129079161387,6.941291020253733,9.014576285272264,-8.895263887228666,9.635381554913346
10.990549444367037,-8.21905670297474,-6.7229280529130016,-3.798250044517279,6.08004332124526
4.805012975943084,-8.035487446246556,4.163884514077494,7.328382462980537,8.66065388726839
-6.506021226798671,8.75930011159704,6.712699626881275,-9.971724098216042,10.059990548208843
-7.7173107612809915,0.09981124952752729,-4.5708804279709465,-7.103994881970517,-2.875782085855354
5.346903078264919,-8.96036679534533,3.7514645420118153,9.708444839675115,8.328343151123068
7.600593904522475,-8.003483388964664,3.4852240575658118,7.686271980650531,7.986582273064432
8.481468803849827,-9.82931859769657,-6.142510939008381,-3.4325994630833927,5.666432612697457
9.254533952642928,-8.066836056576664,-5.078049908168384,-2.930900110130168,6.6838716270253
-7.464374686227248,-1.952800774981432,-4.850519698744099,-6.390262735451216,-4.142228520273343
-6.995882153189319,8.041251966267222,8.271925939349504,-9.908753559375572,7.484613885007668
5.164651621981837,-8.601417985776045,3.684100170708876,7.620535739901741,8.171881859539607
8.245179626697377,2.3173657394375224,1.998657647858745,-10.373956118688037,-2.328102874249041
5.4452453821765125,-8.22596017544827,3.6190391706238736,8.277378480034763,8.147877319001008
-6.9592938755499985,1.8416461190024367,-2.2814344009067895,-10.00315138251334,-9.980746967099256
7.157052322544196,7.7398802270083555,-9.47332118580525,7.251215416676625,4.830142930523749
10.569966405683502,-8.060656331105243,-8.226378946360036,-4.809934139159143,5.2510661355562895
-5.986060218671689,2.621486739901365,-0.9796052680019993,-8.179138718615464,-9.931495213473323
-8.59097519203837,3.1819271476208284,0.14313128396927366,-5.808404727235661,-8.92549888099114
7.911267031941289,6.141740319957161,-10.35265097940039,6.75043833867243,6.663673132310684
8.556063737382885,-9.641588320492373,-8.202588242072004,-5.738384160240994,4.9972312395261484
7.902036366575395,6.125007245006553,-9.07122344624491,6.706579131410859,3.193095850754539
9.23019805344642,0.8868954478452333,2.3535618428410965,-8.925419154891834,-2.1699420304552612
6.018877720277281,-8.06633051165944,5.962408697356785,7.04859358652827,8.932404610925882
8.301396016736067,2.7363988483580153,1.6920541540912808,-8.97578707789102,-2.2161557788841133
10.201899969904492,-10.233646240583127,-6.640498426456096,-3.6454805753524178,6.3060743425977535
9.236844070939727,-9.212214157913921,-6.309839337487324,-5.441670036606682,5.082361601742527
4.797671898856358,-8.334134326697702,6.556295836557108,7.768494777417239,9.335263788432348
2.9219736546575197,-8.041418431057123,2.860801412265911,7.840664511577811,6.633281870796939
-7.668404138655931,-0.44217043609201584,-4.273060228912887,-7.897311117935692,-2.9332282820199653
-8.578850086766968,7.403918458799957,11.089790056055477,-8.088147776058014,9.102977479412838
7.18055533528435,0.7425769959993911,3.3053154315597744,-8.355721768918766,-0.7289712308499676
-9.4842550581784,0.19220520995096158,-6.7634826337226155,-5.591215633503743,-3.90160981829395
6.629497911737135,6.052843669144909,-8.417205454142275,8.759270594450395,4.924635513532636
-6.322534129120964,6.690992904159798,12.016128954090563,-7.8871836802434,9.469140417041809
7.432389592407058,4.182612336870346,3.981287764875044,-8.30466076066168,-2.9826232297400708
-8.70249432469299,3.615591596994998,-1.4528260367934058,-8.392259321421992,-9.094383935537376
-7.514482440358903,0.657024752277408,-6.936702795566133,-7.0099894245352425,-3.730102884364041
8.03299222662208,1.605948238774984,4.572925899326178,-9.735481664175822,-4.104840227453036
-8.084665533002399,6.0725467298840465,7.9468611984092155,-7.635166669159654,9.275616395082642
8.710220297902405,6.492018479454941,-10.354851684673992,6.8306402318605715,3.925040075281631
-5.924998020394334,-0.5000279290640314,-5.061316850731572,-4.6156362846313845,-4.250895629424904
3.716195626389892,-8.225927428247152,3.4682321628923893,9.534012512275062,6.549105786579899
3.2387522385778933,-10.465639588898986,5.110247387975688,7.148691465903702,9.353292492457221
5.886975213808062,-8.007980124748961,5.05688053818684,6.847963672983039,9.454681081786728
6.547921042076329,6.1366146708890685,-8.688745079497957,7.297822377357299,4.6997255274315295
4.975899376678962,-7.266620431665394,3.1166667648318045,8.342191248053966,7.717840683322028
8.981375897189182,-9.127671255224623,-6.641028407074651,-2.999574447155255,5.628979243297536
8.708352132339918,-8.019588042792913,-8.062544119654005,-3.803053425117442,6.801121404199298
6.199393408198594,-10.076622760250737,-7.959130999527347,-1.682347594917586,6.776786809061377
5.814519159808059,-8.844566995818187,4.483569685341897,8.640492141534914,9.52593249889373
8.81373989912943,-8.31685957322371,-6.665442619258215,-3.542205622727569,5.803499934837475
-8.350466903122374,2.8655603838093473,0.7689133257655247,-8.574882619719983,-9.61156736786776
-6.671483908240299,5.581459356577842,10.880160509466686,-7.330138351537566,9.735023081249148
-10.816259241529746,0.6054652755618304,-5.798652272000457,-7.62048755819657,-2.343935443181123
-8.032678385656357,7.101192019441285,8.782249280054241,-7.597848605669764,10.778301775395345
-8.289097652269483,6.531293889170045,8.13641287263524,-6.886054711133897,9.505265215019731
-8.111686628881268,2.9132726054387397,0.33147785973067767,-9.143662391472802,-9.33575735182791
9.667620942896217,-9.407694085980657,-7.747896330683497,-2.5752567043335723,6.709975657668617
7.8865418377981555,1.7103374552700834,1.9158530894684642,-8.863783929248987,-1.851529704665288
-10.2187593575601,3.3689000535520908,0.20572891313093872,-7.120315915702368,-10.212903132314606
-7.002683086090162,0.402663004591856,-6.322492108405393,-6.474623098531887,-3.4888478667537672
10.866340169523959,-6.8732648490039825,-5.341312880918792,-4.5642703990348386,5.7689236115965485
-9.012443342917736,7.961067496499581,8.582108597134177,-9.144456095392583,10.422333995583475
-8.687878463502944,6.489593507738644,8.612799281950888,-7.716906393047096,9.51493225064878
4.9830416637661745,-8.53199249808548,5.479714351378475,6.874781265298312,7.838817783418279
5.776189593157997,-7.110798055663902,5.3751126047547935,9.728073490898339,8.526563479202949
9.123554974831388,7.139488186973467,-11.680023161055338,5.8557854782849805,4.885965939063049
-9.234162062383103,2.5567369325826537,1.1851147968045441,-7.06578378532236,-11.771841828001076
-9.239631592787951,7.679386206604423,8.850707350902516,-9.040820425686844,10.693784848011058
7.7846479321279825,-7.724268646784564,-5.4431948896646665,-2.806627542163013,6.8461523514284535
5.814974494379151,-9.438150421449661,4.455203028240659,7.861526466947911,8.848239278768984
10.160096902772922,0.6955022311081467,3.0597736644552573,-8.715439064480595,-3.7558867558361584
3.3709310890217177,-6.889821985297623,1.9900852410296133,7.961869629265986,9.131358449289916
-8.531785001116742,-1.2086154408842469,-4.937305914068525,-6.346306579707975,-3.376497877459427
-7.51624392507288,4.903350202885948,-0.38205876334787436,-7.308607591898452,-8.500354111398336
-6.9956092763904465,5.992800154370894,9.221393672087103,-9.565006704564691,8.942575691104176
8.680984613148835,3.5489677754849445,-8.633592654245719,7.0862678215985895,6.745104895015231
4.809027374353817,-8.097831413699192,3.0408197093167333,6.829735869929652,8.431513185629981
-7.889495174913657,7.435587323867982,9.041552830975041,-9.335441915426907,9.168634285664117
10.262814562199324,-7.894857602024645,-5.947531065760927,-3.235564382859545,7.514089383532264
-7.783705373718728,6.548217925124492,8.86910007793633,-9.24595195441533,9.55259355740507
-8.59016753159307,2.035199149514586,-1.4326558082515195,-9.484447968542504,-9.101750268649463
9.579890786911143,2.1069039920112447,3.683542806192314,-9.299180817786336,-3.039966279525197
-8.025119937400259,-0.06616427544028392,-4.757498072388127,-4.981528389952603,-2.744857805445263
10.490964022814872,-9.247464920952853,-5.628731895922831,-3.5353375768038235,5.324815581992854
-8.82264510936481,-0.10150218201151706,-5.960855219699928,-6.516252032070799,-2.5541300387018993
5.458577915166431,-8.939902518268887,5.230732270710924,6.890100903394325,10.097320032825618
6.604338448056566,-8.428292924715134,3.0797822512647284,6.434811167610908,9.239830067891024
7.744629565651882,-9.74781471016868,-5.6018037985615035,-3.9415451023590298,7.591031918848015
-7.105690403863329,6.3859663485464155,9.039252940466268,-8.988884226649999,8.91205350653939
8.251664896630135,2.2468759165958123,2.2001013379355694,-7.641793114567692,-3.297662255919972
-6.386024604238519,6.733018451783154,8.86134750585456,-9.665944906144851,10.854201570440344
-8.718344507819857,-0.2342629427747387,-5.215527123020234,-5.3482531616089375,-2.6264376625132155
-7.882520622837258,7.516742411792132,9.154355685937812,-8.89174125725756,10.883292464375074
-8.027312985597426,-0.735644158255804,-7.113267981417273,-6.358627973221354,-4.182840241374429
8.810884797038941,-8.917774588137695,-6.095389619522525,-4.504287632230742,6.967991131561094
9.054708892855704,4.7167123269392075,-11.12894862981601,8.136025329509815,4.060571444733163
-8.484199590792638,-0.5090327255109449,-5.563619375992066,-5.889059710971898,-2.5692958979686047
-7.08144568959152,5.347492241158134,-0.7001003997681015,-9.261455154850289,-8.594096371662689
7.534801392000295,4.831589684131151,-6.809344849739276,7.594445560652356,5.202398455388715
7.262898156573535,6.0688995235132435,-8.637440556897102,6.928998238126569,4.85698535260553
7.576704813056841,-9.324758046102165,-5.9919276264711465,-2.033685516146496,6.631794080376135
9.615072730840184,2.8201118629436897,2.896732771635222,-9.53026092619756,-1.4398222640288956
3.9585222115463297,-8.853510565236938,4.31071480019674,8.00088364582729,7.582355091114146
4.220111253113538,-9.9161348590169,4.270519961019027,8.259770305217376,6.0722622489090075
-8.048235228007256,3.1830981426955027,0.7218570829283583,-6.497305547152705,-8.851808633157095
4.827206051961037,-7.673762058416219,2.4144409051923157,6.784231978817726,7.509925407611975
9.077328779967187,3.468717976183746,2.9620210807876797,-9.261287487785106,-3.2383594390968033
-8.50935846892671,7.772119226954012,9.514907017531788,-8.02381524320088,9.06736427593955
-8.096980808107833,-1.2528803872520002,-3.4342529956149113,-7.230456238234544,-2.1595999000323545
-6.821567573934221,6.260535863224443,8.141585164202725,-10.037851806272508,9.21990707382891
8.710019248785319,6.2623655902645226,-9.785410759006037,6.763431337235228,3.6156312232432133
7.531652571730551,6.457811954512326,-9.228879409784584,8.118896560233432,3.696811528028168
9.688122020625666,2.8083585207148287,3.6208151642747213,-9.475735487968826,-3.8155544902361225
-8.748885154434232,-0.7995774033906444,-4.691176681074079,-7.40147996808477,-4.055011003374777
-8.350475868841478,1.6984922080673415,-0.39216375928557307,-7.29767369826224,-7.294747803068772
-5.5611738726318976,-0.3834446862833745,-4.512622632277551,-5.365989236865235,-0.6842036726255336
7.678546092369913,3.26880896213809,3.2954572015055996,-9.453978031186946,-3.155127990458966
7.5564819226395565,3.085864960135455,-9.89359597443174,8.467255354649563,3.638674878073542
8.43165451751972,1.764820259388084,2.2555839049955413,-8.856823648324962,-3.1495042850391677
9.67362382099299,1.3969552101964777,1.3088867521640966,-9.15728178015131,-2.7161410540570396
-8.379758081255073,0.35864298525586336,-5.984294409269304,-6.5673323536506265,-4.78496548243808
11.334386416139399,-8.48244216288169,-8.21879434285162,-3.615851458753535,6.325010455303629
9.061957794399424,-9.845496578699908,-6.624239221923028,-3.597296236855465,5.441379601985014
5.772717940458493,-9.044990863191842,5.1198336109805425,7.992448995128398,9.393265309836853
-6.750998573560755,7.491107652839318,10.052636416284123,-8.37997354074764,8.917945125897276
8.400657175447693,-10.433129953113754,-7.489832115997373,-6.26727376179777,3.9407805262143376
-8.000046439268695,5.884753130935004,8.37884204143094,-8.60224113865152,10.831236610664934
6.994808648647946,5.843202810468777,-12.00397738481494,7.5651180724122105,3.5711139530766682
7.566990138864017,1.892381630513281,1.7407032916750362,-8.798135116945655,-4.219018002325899
8.2517582399584,2.4388137369156824,2.471572686448665,-8.235547506279861,-2.631402277002348
8.743456730265889,5.916093885832972,-10.731672516831221,8.192034091428926,4.134542333878551
-6.494720963217404,7.438925054469717,8.21066354291731,-8.643566152402025,9.324394587589856
-9.710464835418954,7.054518291485311,8.694673095316539,-9.45015982117052,8.065240594604784
3.6949406917603937,-9.646394238729838,5.327203765014593,7.834055363223747,8.920572108039238
7.191589469219711,-0.9170902688976321,2.674211619759835,-8.995935338513473,-3.1592335196652743
4.834101746928957,-9.964590770331538,4.7185349934388725,7.748950961360127,7.947472957011802
9.417376651886663,0.9038700186839821,3.901433391625488,-7.326196083814319,-1.6818996155618215
8.659835460848562,2.2617220060835015,3.0593011515610833,-10.553782390092485,-1.9920326126851968
9.380733864974776,-8.21898627147546,-6.6829280918185745,-3.992133273309314,6.5515470122642085
-6.617863372279967,-0.6589154946124602,-5.236666861866944,-7.638196604405184,-2.871607029587728
8.332335900424608,0.8800269102344076,3.7885745288005714,-10.692662876999076,-3.140947709522207
8.829475121999788,-9.480105129377531,-6.800421862762269,-4.092251074273853,7.190737196290009
10.141817095528841,3.7824758018226574,1.7471058100644967,-11.217849202065707,-0.7818507590709636
5.313976123198616,-8.77512861837273,2.0655253284597914,7.901964739189466,6.990932774308696
-9.316572579697533,4.97490852229507,-1.9432402357976388,-7.028982944880784,-8.5637121334057
-8.54589587353864,4.169545396560363,1.0107240583025905,-7.123091230695461,-8.546802855360752
9.981501818436733,2.4868566309433744,4.064345873308213,-10.852407670843228,-1.5087501235189
-9.021369387789365,5.340665550732342,9.202520271371608,-10.202003436694884,8.97090466999327
